source_taxon_external_id,source_taxon_name,source_taxon_path,source_specimen_life_stage,interaction_type,target_taxon_external_id,target_taxon_name,target_taxon_path,target_specimen_life_stage,latitude,longitude,study_citation,study_source_citation
GBIF:5714369,Vanessa annabella,Animalia | Arthropoda | Insecta | Lepidoptera | Nymphalidae | Vanessa | Vanessa annabella,NA,visitsFlowersOf,GBIF:5391958,Bidens nudata,Plantae | Tracheophyta | Magnoliopsida | Asterales | Asteraceae | Bidens | Bidens nudata,NA,NA,NA,NA,NA
GBIF:5714369,Vanessa annabella,Animalia | Arthropoda | Insecta | Lepidoptera | Nymphalidae | Vanessa | Vanessa annabella,NA,visitsFlowersOf,GBIF:2925485,Verbena macdougalii,Plantae | Tracheophyta | Magnoliopsida | Lamiales | Verbenaceae | Verbena | Verbena macdougalii,NA,NA,NA,NA,NA
GBIF:5714369,Vanessa annabella,Animalia | Arthropoda | Insecta | Lepidoptera | Nymphalidae | Vanessa | Vanessa annabella,NA,visitsFlowersOf,GBIF:5360973,Oxytropis lambertii bigelovii,Plantae | Tracheophyta | Magnoliopsida | Fabales | Fabaceae | Oxytropis | Oxytropis lambertii | Oxytropis lambertii bigelovii,NA,NA,NA,NA,NA
GBIF:5714369,Vanessa annabella,Animalia | Arthropoda | Insecta | Lepidoptera | Nymphalidae | Vanessa | Vanessa annabella,NA,visitsFlowersOf,GBIF:3132142,Perymenium,Plantae | Tracheophyta | Magnoliopsida | Asterales | Asteraceae | Perymenium,NA,NA,NA,NA,NA
GBIF:5714369,Vanessa annabella,Animalia | Arthropoda | Insecta | Lepidoptera | Nymphalidae | Vanessa | Vanessa annabella,NA,visitsFlowersOf,GBIF:3125749,Stevia serrata,Plantae | Tracheophyta | Magnoliopsida | Asterales | Asteraceae | Stevia | Stevia serrata,NA,NA,NA,NA,NA
GBIF:5714369,Vanessa annabella,Animalia | Arthropoda | Insecta | Lepidoptera | Nymphalidae | Vanessa | Vanessa annabella,NA,visitsFlowersOf,GBIF:3935653,Fuertesimalva limensis,Plantae | Tracheophyta | Magnoliopsida | Malvales | Malvaceae | Fuertesimalva | Fuertesimalva limensis,NA,NA,NA,NA,NA
GBIF:5714369,Vanessa annabella,Animalia | Arthropoda | Insecta | Lepidoptera | Nymphalidae | Vanessa | Vanessa annabella,NA,visitsFlowersOf,GBIF:5378274,Bernardia incana,Plantae | Tracheophyta | Magnoliopsida | Malpighiales | Euphorbiaceae | Bernardia | Bernardia incana,NA,NA,NA,NA,NA
GBIF:5714369,Vanessa annabella,Animalia | Arthropoda | Insecta | Lepidoptera | Nymphalidae | Vanessa | Vanessa annabella,NA,visitsFlowersOf,GBIF:7308690,Salvia lavanduloides,Plantae | Tracheophyta | Magnoliopsida | Lamiales | Lamiaceae | Salvia | Salvia lavanduloides,NA,NA,NA,NA,NA
GBIF:5714369,Vanessa annabella,Animalia | Arthropoda | Insecta | Lepidoptera | Nymphalidae | Vanessa | Vanessa annabella,NA,visitsFlowersOf,GBIF:3107784,Senecio mairetianus,Plantae | Tracheophyta | Magnoliopsida | Asterales | Asteraceae | Senecio | Senecio mairetianus,NA,NA,NA,NA,NA
GBIF:5714369,Vanessa annabella,Animalia | Arthropoda | Insecta | Lepidoptera | Nymphalidae | Vanessa | Vanessa annabella,NA,visitsFlowersOf,GBIF:5362012,Sedum praealtum,Plantae | Tracheophyta | Magnoliopsida | Saxifragales | Crassulaceae | Sedum | Sedum praealtum,NA,NA,NA,NA,NA
GBIF:5714369,Vanessa annabella,Animalia | Arthropoda | Insecta | Lepidoptera | Nymphalidae | Vanessa | Vanessa annabella,NA,visitsFlowersOf,GBIF:5391866,Bidens odorata,Plantae | Tracheophyta | Magnoliopsida | Asterales | Asteraceae | Bidens | Bidens odorata,NA,NA,NA,NA,NA
GBIF:5714369,Vanessa annabella,Animalia | Arthropoda | Insecta | Lepidoptera | Nymphalidae | Vanessa | Vanessa annabella,NA,visitsFlowersOf,GBIF:2704339,Schismus,Plantae | Tracheophyta | Liliopsida | Poales | Poaceae | Schismus,NA,NA,NA,NA,NA
GBIF:5714369,Vanessa annabella,Animalia | Arthropoda | Insecta | Lepidoptera | Nymphalidae | Vanessa | Vanessa annabella,NA,visitsFlowersOf,GBIF:3170270,Asclepias linaria,Plantae | Tracheophyta | Magnoliopsida | Gentianales | Apocynaceae | Asclepias | Asclepias linaria,NA,NA,NA,NA,NA
GBIF:5714369,Vanessa annabella,Animalia | Arthropoda | Insecta | Lepidoptera | Nymphalidae | Vanessa | Vanessa annabella,NA,visitsFlowersOf,GBIF:2928354,Eriodictyon trichocalyx,Plantae | Tracheophyta | Magnoliopsida | Boraginales | Namaceae | Eriodictyon | Eriodictyon trichocalyx,NA,NA,NA,NA,NA
GBIF:5714369,Vanessa annabella,Animalia | Arthropoda | Insecta | Lepidoptera | Nymphalidae | Vanessa | Vanessa annabella,NA,visitsFlowersOf,GBIF:3046735,Sisymbrium,Plantae | Tracheophyta | Magnoliopsida | Brassicales | Brassicaceae | Sisymbrium,NA,NA,NA,NA,NA
GBIF:5714369,Vanessa annabella,Animalia | Arthropoda | Insecta | Lepidoptera | Nymphalidae | Vanessa | Vanessa annabella,NA,visitsFlowersOf,GBIF:2925325,Lantana velutina,Plantae | Tracheophyta | Magnoliopsida | Lamiales | Verbenaceae | Lantana | Lantana velutina,NA,NA,NA,NA,NA
GBIF:5714369,Vanessa annabella,Animalia | Arthropoda | Insecta | Lepidoptera | Nymphalidae | Vanessa | Vanessa annabella,NA,visitsFlowersOf,GBIF:3082297,Limonium sinuatum,Plantae | Tracheophyta | Magnoliopsida | Caryophyllales | Plumbaginaceae | Limonium | Limonium sinuatum,NA,NA,NA,NA,NA
GBIF:5714369,Vanessa annabella,Animalia | Arthropoda | Insecta | Lepidoptera | Nymphalidae | Vanessa | Vanessa annabella,NA,visitsFlowersOf,GBIF:5400194,Ageratina,Plantae | Tracheophyta | Magnoliopsida | Asterales | Asteraceae | Ageratina,NA,NA,NA,NA,NA
GBIF:5714369,Vanessa annabella,Animalia | Arthropoda | Insecta | Lepidoptera | Nymphalidae | Vanessa | Vanessa annabella,NA,visitsFlowersOf,GBIF:3093582,Osteospermum fruticosum,Plantae | Tracheophyta | Magnoliopsida | Asterales | Asteraceae | Osteospermum | Osteospermum fruticosum,NA,NA,NA,NA,NA
GBIF:5714369,Vanessa annabella,Animalia | Arthropoda | Insecta | Lepidoptera | Nymphalidae | Vanessa | Vanessa annabella,NA,visitsFlowersOf,GBIF:5361995,Sedum dendroideum,Plantae | Tracheophyta | Magnoliopsida | Saxifragales | Crassulaceae | Sedum | Sedum dendroideum,NA,NA,NA,NA,NA
GBIF:5714369,Vanessa annabella,Animalia | Arthropoda | Insecta | Lepidoptera | Nymphalidae | Vanessa | Vanessa annabella,NA,visitsFlowersOf,GBIF:3128483,Centaurea calcitrapa,Plantae | Tracheophyta | Magnoliopsida | Asterales | Asteraceae | Centaurea | Centaurea calcitrapa,NA,NA,NA,NA,NA
GBIF:5714369,Vanessa annabella,Animalia | Arthropoda | Insecta | Lepidoptera | Nymphalidae | Vanessa | Vanessa annabella,NA,visitsFlowersOf,GBIF:2925668,Myosotis,Plantae | Tracheophyta | Magnoliopsida | Boraginales | Boraginaceae | Myosotis,NA,NA,NA,NA,NA
GBIF:5714369,Vanessa annabella,Animalia | Arthropoda | Insecta | Lepidoptera | Nymphalidae | Vanessa | Vanessa annabella,NA,visitsFlowersOf,GBIF:3112454,Gazania,Plantae | Tracheophyta | Magnoliopsida | Asterales | Asteraceae | Gazania,NA,NA,NA,NA,NA
GBIF:5714369,Vanessa annabella,Animalia | Arthropoda | Insecta | Lepidoptera | Nymphalidae | Vanessa | Vanessa annabella,NA,visitsFlowersOf,GBIF:6689,Verbenaceae,Plantae | Tracheophyta | Magnoliopsida | Lamiales | Verbenaceae,NA,NA,NA,NA,NA
GBIF:5714369,Vanessa annabella,Animalia | Arthropoda | Insecta | Lepidoptera | Nymphalidae | Vanessa | Vanessa annabella,NA,visitsFlowersOf,GBIF:5389038,Solidago velutina,Plantae | Tracheophyta | Magnoliopsida | Asterales | Asteraceae | Solidago | Solidago velutina,NA,NA,NA,NA,NA
GBIF:5714369,Vanessa annabella,Animalia | Arthropoda | Insecta | Lepidoptera | Nymphalidae | Vanessa | Vanessa annabella,NA,visitsFlowersOf,GBIF:4085901,Verbena lilacina,Plantae | Tracheophyta | Magnoliopsida | Lamiales | Verbenaceae | Verbena | Verbena lilacina,NA,NA,NA,NA,NA
GBIF:5714369,Vanessa annabella,Animalia | Arthropoda | Insecta | Lepidoptera | Nymphalidae | Vanessa | Vanessa annabella,NA,visitsFlowersOf,GBIF:7307829,Lavandula dentata,Plantae | Tracheophyta | Magnoliopsida | Lamiales | Lamiaceae | Lavandula | Lavandula dentata,NA,NA,NA,NA,NA
GBIF:5714369,Vanessa annabella,Animalia | Arthropoda | Insecta | Lepidoptera | Nymphalidae | Vanessa | Vanessa annabella,NA,visitsFlowersOf,GBIF:3125468,Stevia,Plantae | Tracheophyta | Magnoliopsida | Asterales | Asteraceae | Stevia,NA,NA,NA,NA,NA
GBIF:5714369,Vanessa annabella,Animalia | Arthropoda | Insecta | Lepidoptera | Nymphalidae | Vanessa | Vanessa annabella,NA,visitsFlowersOf,GBIF:3169816,Apocynum androsaemifolium,Plantae | Tracheophyta | Magnoliopsida | Gentianales | Apocynaceae | Apocynum | Apocynum androsaemifolium,NA,NA,NA,NA,NA
GBIF:5714369,Vanessa annabella,Animalia | Arthropoda | Insecta | Lepidoptera | Nymphalidae | Vanessa | Vanessa annabella,NA,visitsFlowersOf,GBIF:3040983,Raphanus raphanistrum,Plantae | Tracheophyta | Magnoliopsida | Brassicales | Brassicaceae | Raphanus | Raphanus raphanistrum,NA,NA,NA,NA,NA
GBIF:5714369,Vanessa annabella,Animalia | Arthropoda | Insecta | Lepidoptera | Nymphalidae | Vanessa | Vanessa annabella,NA,visitsFlowersOf,GBIF:3130472,Eriophyllum lanatum,Plantae | Tracheophyta | Magnoliopsida | Asterales | Asteraceae | Eriophyllum | Eriophyllum lanatum,NA,NA,NA,NA,NA
GBIF:5714369,Vanessa annabella,Animalia | Arthropoda | Insecta | Lepidoptera | Nymphalidae | Vanessa | Vanessa annabella,NA,visitsFlowersOf,GBIF:2928366,Wigandia urens,Plantae | Tracheophyta | Magnoliopsida | Boraginales | Namaceae | Wigandia | Wigandia urens,NA,NA,NA,NA,NA
GBIF:5714369,Vanessa annabella,Animalia | Arthropoda | Insecta | Lepidoptera | Nymphalidae | Vanessa | Vanessa annabella,NA,visitsFlowersOf,GBIF:7701037,Nasturtium officinale,Plantae | Tracheophyta | Magnoliopsida | Brassicales | Brassicaceae | Nasturtium | Nasturtium officinale,NA,NA,NA,NA,NA
GBIF:5714369,Vanessa annabella,Animalia | Arthropoda | Insecta | Lepidoptera | Nymphalidae | Vanessa | Vanessa annabella,NA,visitsFlowersOf,GBIF:3105646,Sonchus,Plantae | Tracheophyta | Magnoliopsida | Asterales | Asteraceae | Sonchus,NA,NA,NA,NA,NA
GBIF:5714369,Vanessa annabella,Animalia | Arthropoda | Insecta | Lepidoptera | Nymphalidae | Vanessa | Vanessa annabella,NA,visitsFlowersOf,GBIF:3088468,Tagetes,Plantae | Tracheophyta | Magnoliopsida | Asterales | Asteraceae | Tagetes,NA,NA,NA,NA,NA
GBIF:5714369,Vanessa annabella,Animalia | Arthropoda | Insecta | Lepidoptera | Nymphalidae | Vanessa | Vanessa annabella,NA,visitsFlowersOf,GBIF:9270818,Erodium cicutarium,Plantae | Tracheophyta | Magnoliopsida | Geraniales | Geraniaceae | Erodium | Erodium cicutarium,NA,NA,NA,NA,NA
GBIF:5714369,Vanessa annabella,Animalia | Arthropoda | Insecta | Lepidoptera | Nymphalidae | Vanessa | Vanessa annabella,NA,visitsFlowersOf,GBIF:2874694,Tamarix,Plantae | Tracheophyta | Magnoliopsida | Caryophyllales | Tamaricaceae | Tamarix,NA,NA,NA,NA,NA
GBIF:5714369,Vanessa annabella,Animalia | Arthropoda | Insecta | Lepidoptera | Nymphalidae | Vanessa | Vanessa annabella,NA,visitsFlowersOf,GBIF:2996525,Rubus armeniacus,Plantae | Tracheophyta | Magnoliopsida | Rosales | Rosaceae | Rubus | Rubus armeniacus,NA,NA,NA,NA,NA
GBIF:5714369,Vanessa annabella,Animalia | Arthropoda | Insecta | Lepidoptera | Nymphalidae | Vanessa | Vanessa annabella,NA,visitsFlowersOf,GBIF:2874700,Tamarix ramosissima,Plantae | Tracheophyta | Magnoliopsida | Caryophyllales | Tamaricaceae | Tamarix | Tamarix ramosissima,NA,NA,NA,NA,NA
GBIF:5714369,Vanessa annabella,Animalia | Arthropoda | Insecta | Lepidoptera | Nymphalidae | Vanessa | Vanessa annabella,NA,visitsFlowersOf,GBIF:3088488,Tagetes erecta,Plantae | Tracheophyta | Magnoliopsida | Asterales | Asteraceae | Tagetes | Tagetes erecta,NA,NA,NA,NA,NA
GBIF:5714369,Vanessa annabella,Animalia | Arthropoda | Insecta | Lepidoptera | Nymphalidae | Vanessa | Vanessa annabella,NA,visitsFlowersOf,GBIF:2891602,Pelargonium,Plantae | Tracheophyta | Magnoliopsida | Geraniales | Geraniaceae | Pelargonium,NA,NA,NA,NA,NA
GBIF:5714369,Vanessa annabella,Animalia | Arthropoda | Insecta | Lepidoptera | Nymphalidae | Vanessa | Vanessa annabella,NA,visitsFlowersOf,GBIF:3042658,Brassica nigra,Plantae | Tracheophyta | Magnoliopsida | Brassicales | Brassicaceae | Brassica | Brassica nigra,NA,NA,NA,NA,NA
GBIF:5714369,Vanessa annabella,Animalia | Arthropoda | Insecta | Lepidoptera | Nymphalidae | Vanessa | Vanessa annabella,NA,visitsFlowersOf,GBIF:3118771,Encelia californica,Plantae | Tracheophyta | Magnoliopsida | Asterales | Asteraceae | Encelia | Encelia californica,NA,NA,NA,NA,NA
GBIF:5714369,Vanessa annabella,Animalia | Arthropoda | Insecta | Lepidoptera | Nymphalidae | Vanessa | Vanessa annabella,NA,visitsFlowersOf,GBIF:2406,Crassulaceae,Plantae | Tracheophyta | Magnoliopsida | Saxifragales | Crassulaceae,NA,NA,NA,NA,NA
GBIF:5714369,Vanessa annabella,Animalia | Arthropoda | Insecta | Lepidoptera | Nymphalidae | Vanessa | Vanessa annabella,NA,visitsFlowersOf,GBIF:2925514,Verbena bonariensis,Plantae | Tracheophyta | Magnoliopsida | Lamiales | Verbenaceae | Verbena | Verbena bonariensis,NA,NA,NA,NA,NA
GBIF:5714369,Vanessa annabella,Animalia | Arthropoda | Insecta | Lepidoptera | Nymphalidae | Vanessa | Vanessa annabella,NA,visitsFlowersOf,GBIF:3082293,Limonium,Plantae | Tracheophyta | Magnoliopsida | Caryophyllales | Plumbaginaceae | Limonium,NA,NA,NA,NA,NA
GBIF:5714369,Vanessa annabella,Animalia | Arthropoda | Insecta | Lepidoptera | Nymphalidae | Vanessa | Vanessa annabella,NA,visitsFlowersOf,GBIF:2926504,Monardella,Plantae | Tracheophyta | Magnoliopsida | Lamiales | Lamiaceae | Monardella,NA,NA,NA,NA,NA
GBIF:5714369,Vanessa annabella,Animalia | Arthropoda | Insecta | Lepidoptera | Nymphalidae | Vanessa | Vanessa annabella,NA,visitsFlowersOf,GBIF:3152378,Malva parviflora,Plantae | Tracheophyta | Magnoliopsida | Malvales | Malvaceae | Malva | Malva parviflora,NA,NA,NA,NA,NA
GBIF:5714369,Vanessa annabella,Animalia | Arthropoda | Insecta | Lepidoptera | Nymphalidae | Vanessa | Vanessa annabella,NA,visitsFlowersOf,GBIF:6102576,Heliantheae,Plantae | Tracheophyta | Magnoliopsida | Asterales | Asteraceae | Heliantheae,NA,NA,NA,NA,NA
GBIF:5714369,Vanessa annabella,Animalia | Arthropoda | Insecta | Lepidoptera | Nymphalidae | Vanessa | Vanessa annabella,NA,visitsFlowersOf,GBIF:3150914,Echinacea,Plantae | Tracheophyta | Magnoliopsida | Asterales | Asteraceae | Echinacea,NA,NA,NA,NA,NA
GBIF:5714369,Vanessa annabella,Animalia | Arthropoda | Insecta | Lepidoptera | Nymphalidae | Vanessa | Vanessa annabella,NA,visitsFlowersOf,GBIF:3158673,Scaevola,Plantae | Tracheophyta | Magnoliopsida | Asterales | Goodeniaceae | Scaevola,NA,NA,NA,NA,NA
GBIF:5714369,Vanessa annabella,Animalia | Arthropoda | Insecta | Lepidoptera | Nymphalidae | Vanessa | Vanessa annabella,NA,visitsFlowersOf,GBIF:3189801,Aesculus,Plantae | Tracheophyta | Magnoliopsida | Sapindales | Sapindaceae | Aesculus,NA,NA,NA,NA,NA
GBIF:5714369,Vanessa annabella,Animalia | Arthropoda | Insecta | Lepidoptera | Nymphalidae | Vanessa | Vanessa annabella,NA,visitsFlowersOf,GBIF:3172297,Ligustrum lucidum,Plantae | Tracheophyta | Magnoliopsida | Lamiales | Oleaceae | Ligustrum | Ligustrum lucidum,NA,NA,NA,NA,NA
GBIF:5714369,Vanessa annabella,Animalia | Arthropoda | Insecta | Lepidoptera | Nymphalidae | Vanessa | Vanessa annabella,NA,visitsFlowersOf,GBIF:2882567,Arctostaphylos manzanita,Plantae | Tracheophyta | Magnoliopsida | Ericales | Ericaceae | Arctostaphylos | Arctostaphylos manzanita,NA,NA,NA,NA,NA
GBIF:5714369,Vanessa annabella,Animalia | Arthropoda | Insecta | Lepidoptera | Nymphalidae | Vanessa | Vanessa annabella,NA,visitsFlowersOf,NCBI:102804,Asteroideae,root | cellular organisms | Eukaryota | Viridiplantae | Streptophyta | Streptophytina | Embryophyta | Tracheophyta | Euphyllophyta | Spermatophyta | Magnoliopsida | Mesangiospermae | eudicotyledons | Gunneridae | Pentapetalae | asterids | campanulids | Asterales | Asteraceae | Asteroideae,NA,NA,NA,NA,NA
GBIF:5714369,Vanessa annabella,Animalia | Arthropoda | Insecta | Lepidoptera | Nymphalidae | Vanessa | Vanessa annabella,NA,visitsFlowersOf,GBIF:3111750,Zinnia,Plantae | Tracheophyta | Magnoliopsida | Asterales | Asteraceae | Zinnia,NA,NA,NA,NA,NA
GBIF:5714369,Vanessa annabella,Animalia | Arthropoda | Insecta | Lepidoptera | Nymphalidae | Vanessa | Vanessa annabella,NA,visitsFlowersOf,GBIF:5396560,Tithonia tubaeformis,Plantae | Tracheophyta | Magnoliopsida | Asterales | Asteraceae | Tithonia | Tithonia tubaeformis,NA,NA,NA,NA,NA
GBIF:5714369,Vanessa annabella,Animalia | Arthropoda | Insecta | Lepidoptera | Nymphalidae | Vanessa | Vanessa annabella,NA,visitsFlowersOf,GBIF:6411750,Salvia leucantha,Plantae | Tracheophyta | Magnoliopsida | Lamiales | Lamiaceae | Salvia | Salvia leucantha,NA,NA,NA,NA,NA
GBIF:5714369,Vanessa annabella,Animalia | Arthropoda | Insecta | Lepidoptera | Nymphalidae | Vanessa | Vanessa annabella,NA,visitsFlowersOf,GBIF:2889433,Eriogonum fasciculatum,Plantae | Tracheophyta | Magnoliopsida | Caryophyllales | Polygonaceae | Eriogonum | Eriogonum fasciculatum,NA,NA,NA,NA,NA
GBIF:5714369,Vanessa annabella,Animalia | Arthropoda | Insecta | Lepidoptera | Nymphalidae | Vanessa | Vanessa annabella,NA,visitsFlowersOf,GBIF:220,Magnoliopsida,Plantae | Tracheophyta | Magnoliopsida,NA,NA,NA,NA,NA
GBIF:5714369,Vanessa annabella,Animalia | Arthropoda | Insecta | Lepidoptera | Nymphalidae | Vanessa | Vanessa annabella,NA,visitsFlowersOf,GBIF:2925314,Lantana montevidensis,Plantae | Tracheophyta | Magnoliopsida | Lamiales | Verbenaceae | Lantana | Lantana montevidensis,NA,NA,NA,NA,NA
GBIF:5714369,Vanessa annabella,Animalia | Arthropoda | Insecta | Lepidoptera | Nymphalidae | Vanessa | Vanessa annabella,NA,visitsFlowersOf,GBIF:3099243,Isocoma acradenia,Plantae | Tracheophyta | Magnoliopsida | Asterales | Asteraceae | Isocoma | Isocoma acradenia,NA,NA,NA,NA,NA
GBIF:5714369,Vanessa annabella,Animalia | Arthropoda | Insecta | Lepidoptera | Nymphalidae | Vanessa | Vanessa annabella,NA,visitsFlowersOf,GBIF:4223791,Encelia actoni,Plantae | Tracheophyta | Magnoliopsida | Asterales | Asteraceae | Encelia | Encelia actoni,NA,NA,NA,NA,NA
GBIF:5714369,Vanessa annabella,Animalia | Arthropoda | Insecta | Lepidoptera | Nymphalidae | Vanessa | Vanessa annabella,NA,visitsFlowersOf,GBIF:3099285,Isocoma menziesii,Plantae | Tracheophyta | Magnoliopsida | Asterales | Asteraceae | Isocoma | Isocoma menziesii,NA,NA,NA,NA,NA
GBIF:5714369,Vanessa annabella,Animalia | Arthropoda | Insecta | Lepidoptera | Nymphalidae | Vanessa | Vanessa annabella,NA,visitsFlowersOf,GBIF:3170301,Asclepias subulata,Plantae | Tracheophyta | Magnoliopsida | Gentianales | Apocynaceae | Asclepias | Asclepias subulata,NA,NA,NA,NA,NA
GBIF:5714369,Vanessa annabella,Animalia | Arthropoda | Insecta | Lepidoptera | Nymphalidae | Vanessa | Vanessa annabella,NA,visitsFlowersOf,GBIF:3129497,Baccharis pilularis,Plantae | Tracheophyta | Magnoliopsida | Asterales | Asteraceae | Baccharis | Baccharis pilularis,NA,NA,NA,NA,NA
GBIF:5714369,Vanessa annabella,Animalia | Arthropoda | Insecta | Lepidoptera | Nymphalidae | Vanessa | Vanessa annabella,NA,visitsFlowersOf,GBIF:3889108,Salvia rosmarinus,Plantae | Tracheophyta | Magnoliopsida | Lamiales | Lamiaceae | Salvia | Salvia rosmarinus,NA,NA,NA,NA,NA
GBIF:5714369,Vanessa annabella,Animalia | Arthropoda | Insecta | Lepidoptera | Nymphalidae | Vanessa | Vanessa annabella,NA,visitsFlowersOf,GBIF:2925302,Lantana,Plantae | Tracheophyta | Magnoliopsida | Lamiales | Verbenaceae | Lantana,NA,NA,NA,NA,NA
GBIF:5714369,Vanessa annabella,Animalia | Arthropoda | Insecta | Lepidoptera | Nymphalidae | Vanessa | Vanessa annabella,NA,visitsFlowersOf,GBIF:3091040,Bahiopsis laciniata,Plantae | Tracheophyta | Magnoliopsida | Asterales | Asteraceae | Bahiopsis | Bahiopsis laciniata,NA,NA,NA,NA,NA
GBIF:5714369,Vanessa annabella,Animalia | Arthropoda | Insecta | Lepidoptera | Nymphalidae | Vanessa | Vanessa annabella,NA,visitsFlowersOf,COL:JCD,Cichorioideae,Biota | Plantae | Tracheophyta | Magnoliopsida | Asterales | Asteraceae | Cichorioideae,NA,NA,NA,NA,NA
GBIF:5714369,Vanessa annabella,Animalia | Arthropoda | Insecta | Lepidoptera | Nymphalidae | Vanessa | Vanessa annabella,NA,visitsFlowersOf,GBIF:3173338,Buddleja davidii,Plantae | Tracheophyta | Magnoliopsida | Lamiales | Scrophulariaceae | Buddleja | Buddleja davidii,NA,NA,NA,NA,NA
GBIF:5714369,Vanessa annabella,Animalia | Arthropoda | Insecta | Lepidoptera | Nymphalidae | Vanessa | Vanessa annabella,NA,visitsFlowersOf,GBIF:2928356,Eriodictyon tomentosum,Plantae | Tracheophyta | Magnoliopsida | Boraginales | Namaceae | Eriodictyon | Eriodictyon tomentosum,NA,NA,NA,NA,NA
GBIF:5714369,Vanessa annabella,Animalia | Arthropoda | Insecta | Lepidoptera | Nymphalidae | Vanessa | Vanessa annabella,NA,visitsFlowersOf,GBIF:3105782,Sonchus asper,Plantae | Tracheophyta | Magnoliopsida | Asterales | Asteraceae | Sonchus | Sonchus asper,NA,NA,NA,NA,NA
GBIF:5714369,Vanessa annabella,Animalia | Arthropoda | Insecta | Lepidoptera | Nymphalidae | Vanessa | Vanessa annabella,NA,visitsFlowersOf,GBIF:3933415,Malva multiflora,Plantae | Tracheophyta | Magnoliopsida | Malvales | Malvaceae | Malva | Malva multiflora,NA,NA,NA,NA,NA
GBIF:5714369,Vanessa annabella,Animalia | Arthropoda | Insecta | Lepidoptera | Nymphalidae | Vanessa | Vanessa annabella,NA,visitsFlowersOf,GBIF:3146888,Erigeron glaucus,Plantae | Tracheophyta | Magnoliopsida | Asterales | Asteraceae | Erigeron | Erigeron glaucus,NA,NA,NA,NA,NA
GBIF:5714369,Vanessa annabella,Animalia | Arthropoda | Insecta | Lepidoptera | Nymphalidae | Vanessa | Vanessa annabella,NA,visitsFlowersOf,GBIF:2927811,Eriastrum densifolium,Plantae | Tracheophyta | Magnoliopsida | Ericales | Polemoniaceae | Eriastrum | Eriastrum densifolium,NA,NA,NA,NA,NA
GBIF:5714369,Vanessa annabella,Animalia | Arthropoda | Insecta | Lepidoptera | Nymphalidae | Vanessa | Vanessa annabella,NA,visitsFlowersOf,GBIF:3151392,Symphyotrichum chilense,Plantae | Tracheophyta | Magnoliopsida | Asterales | Asteraceae | Symphyotrichum | Symphyotrichum chilense,NA,NA,NA,NA,NA
GBIF:5714369,Vanessa annabella,Animalia | Arthropoda | Insecta | Lepidoptera | Nymphalidae | Vanessa | Vanessa annabella,NA,visitsFlowersOf,GBIF:2926546,Monardella odoratissima,Plantae | Tracheophyta | Magnoliopsida | Lamiales | Lamiaceae | Monardella | Monardella odoratissima,NA,NA,NA,NA,NA
GBIF:5714369,Vanessa annabella,Animalia | Arthropoda | Insecta | Lepidoptera | Nymphalidae | Vanessa | Vanessa annabella,NA,visitsFlowersOf,GBIF:2925807,Heliotropium arborescens,Plantae | Tracheophyta | Magnoliopsida | Boraginales | Heliotropiaceae | Heliotropium | Heliotropium arborescens,NA,NA,NA,NA,NA
GBIF:5714369,Vanessa annabella,Animalia | Arthropoda | Insecta | Lepidoptera | Nymphalidae | Vanessa | Vanessa annabella,NA,visitsFlowersOf,GBIF:5408087,Lobelia erinus,Plantae | Tracheophyta | Magnoliopsida | Asterales | Campanulaceae | Lobelia | Lobelia erinus,NA,NA,NA,NA,NA
GBIF:5714369,Vanessa annabella,Animalia | Arthropoda | Insecta | Lepidoptera | Nymphalidae | Vanessa | Vanessa annabella,NA,visitsFlowersOf,GBIF:5386723,Acmella repens,Plantae | Tracheophyta | Magnoliopsida | Asterales | Asteraceae | Acmella | Acmella repens,NA,NA,NA,NA,NA
GBIF:5714369,Vanessa annabella,Animalia | Arthropoda | Insecta | Lepidoptera | Nymphalidae | Vanessa | Vanessa annabella,NA,visitsFlowersOf,GBIF:3091038,Bahiopsis parishii,Plantae | Tracheophyta | Magnoliopsida | Asterales | Asteraceae | Bahiopsis | Bahiopsis parishii,NA,NA,NA,NA,NA
GBIF:5714369,Vanessa annabella,Animalia | Arthropoda | Insecta | Lepidoptera | Nymphalidae | Vanessa | Vanessa annabella,NA,visitsFlowersOf,GBIF:3048831,Cakile maritima,Plantae | Tracheophyta | Magnoliopsida | Brassicales | Brassicaceae | Cakile | Cakile maritima,NA,NA,NA,NA,NA
GBIF:5714369,Vanessa annabella,Animalia | Arthropoda | Insecta | Lepidoptera | Nymphalidae | Vanessa | Vanessa annabella,NA,visitsFlowersOf,GBIF:3109181,Bebbia juncea,Plantae | Tracheophyta | Magnoliopsida | Asterales | Asteraceae | Bebbia | Bebbia juncea,NA,NA,NA,NA,NA
GBIF:5714369,Vanessa annabella,Animalia | Arthropoda | Insecta | Lepidoptera | Nymphalidae | Vanessa | Vanessa annabella,NA,visitsFlowersOf,GBIF:4235160,Senecio flaccidus douglasii,Plantae | Tracheophyta | Magnoliopsida | Asterales | Asteraceae | Senecio | Senecio flaccidus | Senecio flaccidus douglasii,NA,NA,NA,NA,NA
GBIF:5714369,Vanessa annabella,Animalia | Arthropoda | Insecta | Lepidoptera | Nymphalidae | Vanessa | Vanessa annabella,NA,visitsFlowersOf,GBIF:2878586,Quercus kelloggii,Plantae | Tracheophyta | Magnoliopsida | Fagales | Fagaceae | Quercus | Quercus kelloggii,NA,NA,NA,NA,NA
GBIF:5714369,Vanessa annabella,Animalia | Arthropoda | Insecta | Lepidoptera | Nymphalidae | Vanessa | Vanessa annabella,NA,visitsFlowersOf,GBIF:3146233,Grindelia hirsutula,Plantae | Tracheophyta | Magnoliopsida | Asterales | Asteraceae | Grindelia | Grindelia hirsutula,NA,NA,NA,NA,NA
GBIF:5714369,Vanessa annabella,Animalia | Arthropoda | Insecta | Lepidoptera | Nymphalidae | Vanessa | Vanessa annabella,NA,visitsFlowersOf,GBIF:3129915,Baccharis sarothroides,Plantae | Tracheophyta | Magnoliopsida | Asterales | Asteraceae | Baccharis | Baccharis sarothroides,NA,NA,NA,NA,NA
GBIF:5714369,Vanessa annabella,Animalia | Arthropoda | Insecta | Lepidoptera | Nymphalidae | Vanessa | Vanessa annabella,NA,visitsFlowersOf,GBIF:3103017,Ericameria nauseosa,Plantae | Tracheophyta | Magnoliopsida | Asterales | Asteraceae | Ericameria | Ericameria nauseosa,NA,NA,NA,NA,NA
GBIF:5714369,Vanessa annabella,Animalia | Arthropoda | Insecta | Lepidoptera | Nymphalidae | Vanessa | Vanessa annabella,NA,visitsFlowersOf,GBIF:3188698,Cuphea hyssopifolia,Plantae | Tracheophyta | Magnoliopsida | Myrtales | Lythraceae | Cuphea | Cuphea hyssopifolia,NA,NA,NA,NA,NA
GBIF:5714369,Vanessa annabella,Animalia | Arthropoda | Insecta | Lepidoptera | Nymphalidae | Vanessa | Vanessa annabella,NA,visitsFlowersOf,GBIF:2888740,Centranthus ruber,Plantae | Tracheophyta | Magnoliopsida | Dipsacales | Caprifoliaceae | Centranthus | Centranthus ruber,NA,NA,NA,NA,NA
GBIF:5714369,Vanessa annabella,Animalia | Arthropoda | Insecta | Lepidoptera | Nymphalidae | Vanessa | Vanessa annabella,NA,visitsFlowersOf,GBIF:3112554,Cirsium,Plantae | Tracheophyta | Magnoliopsida | Asterales | Asteraceae | Cirsium,NA,NA,NA,NA,NA
GBIF:5714369,Vanessa annabella,Animalia | Arthropoda | Insecta | Lepidoptera | Nymphalidae | Vanessa | Vanessa annabella,NA,visitsFlowersOf,GBIF:7627205,Glebionis coronaria,Plantae | Tracheophyta | Magnoliopsida | Asterales | Asteraceae | Glebionis | Glebionis coronaria,NA,NA,NA,NA,NA
GBIF:5714369,Vanessa annabella,Animalia | Arthropoda | Insecta | Lepidoptera | Nymphalidae | Vanessa | Vanessa annabella,NA,visitsFlowersOf,GBIF:2925786,Heliotropium curassavicum,Plantae | Tracheophyta | Magnoliopsida | Boraginales | Heliotropiaceae | Heliotropium | Heliotropium curassavicum,NA,NA,NA,NA,NA
GBIF:5714369,Vanessa annabella,Animalia | Arthropoda | Insecta | Lepidoptera | Nymphalidae | Vanessa | Vanessa annabella,NA,visitsFlowersOf,GBIF:8848598,Leucanthemum vulgare,Plantae | Tracheophyta | Magnoliopsida | Asterales | Asteraceae | Leucanthemum | Leucanthemum vulgare,NA,NA,NA,NA,NA
GBIF:5714369,Vanessa annabella,Animalia | Arthropoda | Insecta | Lepidoptera | Nymphalidae | Vanessa | Vanessa annabella,NA,visitsFlowersOf,GBIF:5387293,Dimorphotheca ecklonis,Plantae | Tracheophyta | Magnoliopsida | Asterales | Asteraceae | Dimorphotheca | Dimorphotheca ecklonis,NA,NA,NA,NA,NA
GBIF:5714369,Vanessa annabella,Animalia | Arthropoda | Insecta | Lepidoptera | Nymphalidae | Vanessa | Vanessa annabella,NA,visitsFlowersOf,EOL:586696,Malva assurgentiflora,Life | Cellular Organisms | Eukaryota | Archaeplastida | Chloroplastida | Streptophyta | Embryophytes | Tracheophyta | Spermatophytes | Angiosperms | Eudicots | Superrosids | Rosids | Malvales | Malvaceae | Malva | Malva assurgentiflora,NA,NA,NA,NA,NA
GBIF:5714369,Vanessa annabella,Animalia | Arthropoda | Insecta | Lepidoptera | Nymphalidae | Vanessa | Vanessa annabella,NA,visitsFlowersOf,GBIF:5537836,Angelica capitellata,Plantae | Tracheophyta | Magnoliopsida | Apiales | Apiaceae | Angelica | Angelica capitellata,NA,NA,NA,NA,NA
GBIF:5714369,Vanessa annabella,Animalia | Arthropoda | Insecta | Lepidoptera | Nymphalidae | Vanessa | Vanessa annabella,NA,visitsFlowersOf,GBIF:2928808,Lycium,Plantae | Tracheophyta | Magnoliopsida | Solanales | Solanaceae | Lycium,NA,NA,NA,NA,NA
GBIF:5714369,Vanessa annabella,Animalia | Arthropoda | Insecta | Lepidoptera | Nymphalidae | Vanessa | Vanessa annabella,NA,visitsFlowersOf,GBIF:2986127,Ribes cereum,Plantae | Tracheophyta | Magnoliopsida | Saxifragales | Grossulariaceae | Ribes | Ribes cereum,NA,NA,NA,NA,NA
GBIF:5714369,Vanessa annabella,Animalia | Arthropoda | Insecta | Lepidoptera | Nymphalidae | Vanessa | Vanessa annabella,NA,visitsFlowersOf,GBIF:2925869,Amsinckia,Plantae | Tracheophyta | Magnoliopsida | Boraginales | Boraginaceae | Amsinckia,NA,NA,NA,NA,NA
GBIF:5714369,Vanessa annabella,Animalia | Arthropoda | Insecta | Lepidoptera | Nymphalidae | Vanessa | Vanessa annabella,NA,visitsFlowersOf,GBIF:3118746,Encelia farinosa,Plantae | Tracheophyta | Magnoliopsida | Asterales | Asteraceae | Encelia | Encelia farinosa,NA,NA,NA,NA,NA
GBIF:5714369,Vanessa annabella,Animalia | Arthropoda | Insecta | Lepidoptera | Nymphalidae | Vanessa | Vanessa annabella,NA,visitsFlowersOf,GBIF:7542255,Condea emoryi,Plantae | Tracheophyta | Magnoliopsida | Lamiales | Lamiaceae | Condea | Condea emoryi,NA,NA,NA,NA,NA
GBIF:5714369,Vanessa annabella,Animalia | Arthropoda | Insecta | Lepidoptera | Nymphalidae | Vanessa | Vanessa annabella,NA,visitsFlowersOf,GBIF:3146588,Erigeron,Plantae | Tracheophyta | Magnoliopsida | Asterales | Asteraceae | Erigeron,NA,NA,NA,NA,NA
GBIF:5714369,Vanessa annabella,Animalia | Arthropoda | Insecta | Lepidoptera | Nymphalidae | Vanessa | Vanessa annabella,NA,visitsFlowersOf,GBIF:3065,Asteraceae,Plantae | Tracheophyta | Magnoliopsida | Asterales | Asteraceae,NA,NA,NA,NA,NA
GBIF:5714369,Vanessa annabella,Animalia | Arthropoda | Insecta | Lepidoptera | Nymphalidae | Vanessa | Vanessa annabella,NA,visitsFlowersOf,GBIF:3084729,Claytonia,Plantae | Tracheophyta | Magnoliopsida | Caryophyllales | Montiaceae | Claytonia,NA,NA,NA,NA,NA
GBIF:5714369,Vanessa annabella,Animalia | Arthropoda | Insecta | Lepidoptera | Nymphalidae | Vanessa | Vanessa annabella,NA,visitsFlowersOf,GBIF:5393839,Taraxacum,Plantae | Tracheophyta | Magnoliopsida | Asterales | Asteraceae | Taraxacum,NA,NA,NA,NA,NA
GBIF:5714369,Vanessa annabella,Animalia | Arthropoda | Insecta | Lepidoptera | Nymphalidae | Vanessa | Vanessa annabella,NA,visitsFlowersOf,GBIF:3112801,Cirsium vulgare,Plantae | Tracheophyta | Magnoliopsida | Asterales | Asteraceae | Cirsium | Cirsium vulgare,NA,NA,NA,NA,NA
GBIF:5714369,Vanessa annabella,Animalia | Arthropoda | Insecta | Lepidoptera | Nymphalidae | Vanessa | Vanessa annabella,NA,visitsFlowersOf,GBIF:3095122,Gaillardia,Plantae | Tracheophyta | Magnoliopsida | Asterales | Asteraceae | Gaillardia,NA,NA,NA,NA,NA
GBIF:5714369,Vanessa annabella,Animalia | Arthropoda | Insecta | Lepidoptera | Nymphalidae | Vanessa | Vanessa annabella,NA,visitsFlowersOf,GBIF:2926986,Salvia mellifera,Plantae | Tracheophyta | Magnoliopsida | Lamiales | Lamiaceae | Salvia | Salvia mellifera,NA,NA,NA,NA,NA
GBIF:5714369,Vanessa annabella,Animalia | Arthropoda | Insecta | Lepidoptera | Nymphalidae | Vanessa | Vanessa annabella,NA,visitsFlowersOf,GBIF:3112,Brassicaceae,Plantae | Tracheophyta | Magnoliopsida | Brassicales | Brassicaceae,NA,NA,NA,NA,NA
GBIF:5714369,Vanessa annabella,Animalia | Arthropoda | Insecta | Lepidoptera | Nymphalidae | Vanessa | Vanessa annabella,NA,visitsFlowersOf,GBIF:2927302,Lavandula,Plantae | Tracheophyta | Magnoliopsida | Lamiales | Lamiaceae | Lavandula,NA,NA,NA,NA,NA
GBIF:5714369,Vanessa annabella,Animalia | Arthropoda | Insecta | Lepidoptera | Nymphalidae | Vanessa | Vanessa annabella,NA,visitsFlowersOf,GBIF:3141855,Helminthotheca echioides,Plantae | Tracheophyta | Magnoliopsida | Asterales | Asteraceae | Helminthotheca | Helminthotheca echioides,NA,NA,NA,NA,NA
GBIF:5714369,Vanessa annabella,Animalia | Arthropoda | Insecta | Lepidoptera | Nymphalidae | Vanessa | Vanessa annabella,NA,visitsFlowersOf,GBIF:3189813,Aesculus californica,Plantae | Tracheophyta | Magnoliopsida | Sapindales | Sapindaceae | Aesculus | Aesculus californica,NA,NA,NA,NA,NA
GBIF:5714369,Vanessa annabella,Animalia | Arthropoda | Insecta | Lepidoptera | Nymphalidae | Vanessa | Vanessa annabella,NA,visitsFlowersOf,GBIF:3034922,Foeniculum vulgare,Plantae | Tracheophyta | Magnoliopsida | Apiales | Apiaceae | Foeniculum | Foeniculum vulgare,NA,NA,NA,NA,NA
GBIF:5714369,Vanessa annabella,Animalia | Arthropoda | Insecta | Lepidoptera | Nymphalidae | Vanessa | Vanessa annabella,NA,visitsFlowersOf,GBIF:2888802,Scabiosa columbaria,Plantae | Tracheophyta | Magnoliopsida | Dipsacales | Caprifoliaceae | Scabiosa | Scabiosa columbaria,NA,NA,NA,NA,NA
GBIF:5714369,Vanessa annabella,Animalia | Arthropoda | Insecta | Lepidoptera | Nymphalidae | Vanessa | Vanessa annabella,NA,visitsFlowersOf,GBIF:2882486,Arctostaphylos,Plantae | Tracheophyta | Magnoliopsida | Ericales | Ericaceae | Arctostaphylos,NA,NA,NA,NA,NA
GBIF:5714369,Vanessa annabella,Animalia | Arthropoda | Insecta | Lepidoptera | Nymphalidae | Vanessa | Vanessa annabella,NA,visitsFlowersOf,GBIF:7551118,Echium candicans,Plantae | Tracheophyta | Magnoliopsida | Boraginales | Boraginaceae | Echium | Echium candicans,NA,NA,NA,NA,NA
GBIF:5714369,Vanessa annabella,Animalia | Arthropoda | Insecta | Lepidoptera | Nymphalidae | Vanessa | Vanessa annabella,NA,visitsFlowersOf,NCBI:219121,Cichorieae,root | cellular organisms | Eukaryota | Viridiplantae | Streptophyta | Streptophytina | Embryophyta | Tracheophyta | Euphyllophyta | Spermatophyta | Magnoliopsida | Mesangiospermae | eudicotyledons | Gunneridae | Pentapetalae | asterids | campanulids | Asterales | Asteraceae | Cichorioideae | Cichorieae,NA,NA,NA,NA,NA
GBIF:5714369,Vanessa annabella,Animalia | Arthropoda | Insecta | Lepidoptera | Nymphalidae | Vanessa | Vanessa annabella,NA,visitsFlowersOf,GBIF:3050595,Hirschfeldia incana,Plantae | Tracheophyta | Magnoliopsida | Brassicales | Brassicaceae | Hirschfeldia | Hirschfeldia incana,NA,NA,NA,NA,NA
GBIF:5714369,Vanessa annabella,Animalia | Arthropoda | Insecta | Lepidoptera | Nymphalidae | Vanessa | Vanessa annabella,NA,visitsFlowersOf,GBIF:3147168,Erigeron karvinskianus,Plantae | Tracheophyta | Magnoliopsida | Asterales | Asteraceae | Erigeron | Erigeron karvinskianus,NA,NA,NA,NA,NA
GBIF:5714369,Vanessa annabella,Animalia | Arthropoda | Insecta | Lepidoptera | Nymphalidae | Vanessa | Vanessa annabella,NA,visitsFlowersOf,GBIF:2855860,Allium schoenoprasum,Plantae | Tracheophyta | Liliopsida | Asparagales | Amaryllidaceae | Allium | Allium schoenoprasum,NA,NA,NA,NA,NA
GBIF:5714369,Vanessa annabella,Animalia | Arthropoda | Insecta | Lepidoptera | Nymphalidae | Vanessa | Vanessa annabella,NA,visitsFlowersOf,GBIF:2965354,Medicago falcata,Plantae | Tracheophyta | Magnoliopsida | Fabales | Fabaceae | Medicago | Medicago falcata,NA,NA,NA,NA,NA
GBIF:5714369,Vanessa annabella,Animalia | Arthropoda | Insecta | Lepidoptera | Nymphalidae | Vanessa | Vanessa annabella,NA,visitsFlowersOf,GBIF:2928390,Convolvulus arvensis,Plantae | Tracheophyta | Magnoliopsida | Solanales | Convolvulaceae | Convolvulus | Convolvulus arvensis,NA,NA,NA,NA,NA
GBIF:5714369,Vanessa annabella,Animalia | Arthropoda | Insecta | Lepidoptera | Nymphalidae | Vanessa | Vanessa annabella,NA,visitsFlowersOf,GBIF:3093702,Hypochaeris radicata,Plantae | Tracheophyta | Magnoliopsida | Asterales | Asteraceae | Hypochaeris | Hypochaeris radicata,NA,NA,NA,NA,NA
GBIF:5714369,Vanessa annabella,Animalia | Arthropoda | Insecta | Lepidoptera | Nymphalidae | Vanessa | Vanessa annabella,NA,visitsFlowersOf,GBIF:6685,Malvaceae,Plantae | Tracheophyta | Magnoliopsida | Malvales | Malvaceae,NA,NA,NA,NA,NA
GBIF:5714369,Vanessa annabella,Animalia | Arthropoda | Insecta | Lepidoptera | Nymphalidae | Vanessa | Vanessa annabella,NA,visitsFlowersOf,GBIF:3039576,Salix,Plantae | Tracheophyta | Magnoliopsida | Malpighiales | Salicaceae | Salix,NA,NA,NA,NA,NA
GBIF:5714369,Vanessa annabella,Animalia | Arthropoda | Insecta | Lepidoptera | Nymphalidae | Vanessa | Vanessa annabella,NA,visitsFlowersOf,GBIF:3935653,Fuertesimalva limensis,Plantae | Tracheophyta | Magnoliopsida | Malvales | Malvaceae | Fuertesimalva | Fuertesimalva limensis,NA,NA,NA,NA,NA
GBIF:5714369,Vanessa annabella,Animalia | Arthropoda | Insecta | Lepidoptera | Nymphalidae | Vanessa | Vanessa annabella,NA,visitsFlowersOf,GBIF:7893492,Cleomella arborea,Plantae | Tracheophyta | Magnoliopsida | Brassicales | Cleomaceae | Cleomella | Cleomella arborea,NA,NA,NA,NA,NA
GBIF:5714369,Vanessa annabella,Animalia | Arthropoda | Insecta | Lepidoptera | Nymphalidae | Vanessa | Vanessa annabella,NA,visitsFlowersOf,GBIF:5396560,Tithonia tubaeformis,Plantae | Tracheophyta | Magnoliopsida | Asterales | Asteraceae | Tithonia | Tithonia tubaeformis,NA,NA,NA,NA,NA
GBIF:5714369,Vanessa annabella,Animalia | Arthropoda | Insecta | Lepidoptera | Nymphalidae | Vanessa | Vanessa annabella,NA,visitsFlowersOf,COL:JCD,Cichorioideae,Biota | Plantae | Tracheophyta | Magnoliopsida | Asterales | Asteraceae | Cichorioideae,NA,NA,NA,NA,NA
GBIF:5714369,Vanessa annabella,Animalia | Arthropoda | Insecta | Lepidoptera | Nymphalidae | Vanessa | Vanessa annabella,NA,visitsFlowersOf,GBIF:3129915,Baccharis sarothroides,Plantae | Tracheophyta | Magnoliopsida | Asterales | Asteraceae | Baccharis | Baccharis sarothroides,NA,NA,NA,NA,NA
GBIF:5714369,Vanessa annabella,Animalia | Arthropoda | Insecta | Lepidoptera | Nymphalidae | Vanessa | Vanessa annabella,NA,visitsFlowersOf,GBIF:2874694,Tamarix,Plantae | Tracheophyta | Magnoliopsida | Caryophyllales | Tamaricaceae | Tamarix,NA,NA,NA,NA,NA
GBIF:5714369,Vanessa annabella,Animalia | Arthropoda | Insecta | Lepidoptera | Nymphalidae | Vanessa | Vanessa annabella,NA,visitsFlowersOf,GBIF:3048831,Cakile maritima,Plantae | Tracheophyta | Magnoliopsida | Brassicales | Brassicaceae | Cakile | Cakile maritima,NA,NA,NA,NA,NA
GBIF:5714369,Vanessa annabella,Animalia | Arthropoda | Insecta | Lepidoptera | Nymphalidae | Vanessa | Vanessa annabella,NA,visitsFlowersOf,GBIF:2888740,Centranthus ruber,Plantae | Tracheophyta | Magnoliopsida | Dipsacales | Caprifoliaceae | Centranthus | Centranthus ruber,NA,NA,NA,NA,NA
GBIF:5714369,Vanessa annabella,Animalia | Arthropoda | Insecta | Lepidoptera | Nymphalidae | Vanessa | Vanessa annabella,NA,visitsFlowersOf,GBIF:2925786,Heliotropium curassavicum,Plantae | Tracheophyta | Magnoliopsida | Boraginales | Heliotropiaceae | Heliotropium | Heliotropium curassavicum,NA,NA,NA,NA,NA
GBIF:5714369,Vanessa annabella,Animalia | Arthropoda | Insecta | Lepidoptera | Nymphalidae | Vanessa | Vanessa annabella,NA,visitsFlowersOf,GBIF:3109181,Bebbia juncea,Plantae | Tracheophyta | Magnoliopsida | Asterales | Asteraceae | Bebbia | Bebbia juncea,NA,NA,NA,NA,NA
GBIF:5714369,Vanessa annabella,Animalia | Arthropoda | Insecta | Lepidoptera | Nymphalidae | Vanessa | Vanessa annabella,NA,visitsFlowersOf,GBIF:9270818,Erodium cicutarium,Plantae | Tracheophyta | Magnoliopsida | Geraniales | Geraniaceae | Erodium | Erodium cicutarium,NA,NA,NA,NA,NA
GBIF:5714369,Vanessa annabella,Animalia | Arthropoda | Insecta | Lepidoptera | Nymphalidae | Vanessa | Vanessa annabella,NA,visitsFlowersOf,EOL:586696,Malva assurgentiflora,Life | Cellular Organisms | Eukaryota | Archaeplastida | Chloroplastida | Streptophyta | Embryophytes | Tracheophyta | Spermatophytes | Angiosperms | Eudicots | Superrosids | Rosids | Malvales | Malvaceae | Malva | Malva assurgentiflora,NA,NA,NA,NA,NA
GBIF:5714369,Vanessa annabella,Animalia | Arthropoda | Insecta | Lepidoptera | Nymphalidae | Vanessa | Vanessa annabella,NA,visitsFlowersOf,GBIF:2926546,Monardella odoratissima,Plantae | Tracheophyta | Magnoliopsida | Lamiales | Lamiaceae | Monardella | Monardella odoratissima,NA,NA,NA,NA,NA
GBIF:5714369,Vanessa annabella,Animalia | Arthropoda | Insecta | Lepidoptera | Nymphalidae | Vanessa | Vanessa annabella,NA,visitsFlowersOf,GBIF:4085901,Verbena lilacina,Plantae | Tracheophyta | Magnoliopsida | Lamiales | Verbenaceae | Verbena | Verbena lilacina,NA,NA,NA,NA,NA
GBIF:5714369,Vanessa annabella,Animalia | Arthropoda | Insecta | Lepidoptera | Nymphalidae | Vanessa | Vanessa annabella,NA,visitsFlowersOf,GBIF:3189801,Aesculus,Plantae | Tracheophyta | Magnoliopsida | Sapindales | Sapindaceae | Aesculus,NA,NA,NA,NA,NA
GBIF:5714369,Vanessa annabella,Animalia | Arthropoda | Insecta | Lepidoptera | Nymphalidae | Vanessa | Vanessa annabella,NA,visitsFlowersOf,GBIF:5389038,Solidago velutina,Plantae | Tracheophyta | Magnoliopsida | Asterales | Asteraceae | Solidago | Solidago velutina,NA,NA,NA,NA,NA
GBIF:5714369,Vanessa annabella,Animalia | Arthropoda | Insecta | Lepidoptera | Nymphalidae | Vanessa | Vanessa annabella,NA,visitsFlowersOf,GBIF:8848598,Leucanthemum vulgare,Plantae | Tracheophyta | Magnoliopsida | Asterales | Asteraceae | Leucanthemum | Leucanthemum vulgare,NA,NA,NA,NA,NA
GBIF:5714369,Vanessa annabella,Animalia | Arthropoda | Insecta | Lepidoptera | Nymphalidae | Vanessa | Vanessa annabella,NA,visitsFlowersOf,GBIF:5393839,Taraxacum,Plantae | Tracheophyta | Magnoliopsida | Asterales | Asteraceae | Taraxacum,NA,NA,NA,NA,NA
GBIF:5714369,Vanessa annabella,Animalia | Arthropoda | Insecta | Lepidoptera | Nymphalidae | Vanessa | Vanessa annabella,NA,visitsFlowersOf,GBIF:3111750,Zinnia,Plantae | Tracheophyta | Magnoliopsida | Asterales | Asteraceae | Zinnia,NA,NA,NA,NA,NA
GBIF:5714369,Vanessa annabella,Animalia | Arthropoda | Insecta | Lepidoptera | Nymphalidae | Vanessa | Vanessa annabella,NA,visitsFlowersOf,GBIF:5378274,Bernardia incana,Plantae | Tracheophyta | Magnoliopsida | Malpighiales | Euphorbiaceae | Bernardia | Bernardia incana,NA,NA,NA,NA,NA
GBIF:5714369,Vanessa annabella,Animalia | Arthropoda | Insecta | Lepidoptera | Nymphalidae | Vanessa | Vanessa annabella,NA,visitsFlowersOf,GBIF:2928808,Lycium,Plantae | Tracheophyta | Magnoliopsida | Solanales | Solanaceae | Lycium,NA,NA,NA,NA,NA
GBIF:5714369,Vanessa annabella,Animalia | Arthropoda | Insecta | Lepidoptera | Nymphalidae | Vanessa | Vanessa annabella,NA,visitsFlowersOf,GBIF:5361995,Sedum dendroideum,Plantae | Tracheophyta | Magnoliopsida | Saxifragales | Crassulaceae | Sedum | Sedum dendroideum,NA,NA,NA,NA,NA
GBIF:5714369,Vanessa annabella,Animalia | Arthropoda | Insecta | Lepidoptera | Nymphalidae | Vanessa | Vanessa annabella,NA,visitsFlowersOf,GBIF:5537836,Angelica capitellata,Plantae | Tracheophyta | Magnoliopsida | Apiales | Apiaceae | Angelica | Angelica capitellata,NA,NA,NA,NA,NA
GBIF:5714369,Vanessa annabella,Animalia | Arthropoda | Insecta | Lepidoptera | Nymphalidae | Vanessa | Vanessa annabella,NA,visitsFlowersOf,GBIF:3118771,Encelia californica,Plantae | Tracheophyta | Magnoliopsida | Asterales | Asteraceae | Encelia | Encelia californica,NA,NA,NA,NA,NA
GBIF:5714369,Vanessa annabella,Animalia | Arthropoda | Insecta | Lepidoptera | Nymphalidae | Vanessa | Vanessa annabella,NA,visitsFlowersOf,GBIF:3084729,Claytonia,Plantae | Tracheophyta | Magnoliopsida | Caryophyllales | Montiaceae | Claytonia,NA,NA,NA,NA,NA
GBIF:5714369,Vanessa annabella,Animalia | Arthropoda | Insecta | Lepidoptera | Nymphalidae | Vanessa | Vanessa annabella,NA,visitsFlowersOf,GBIF:3050595,Hirschfeldia incana,Plantae | Tracheophyta | Magnoliopsida | Brassicales | Brassicaceae | Hirschfeldia | Hirschfeldia incana,NA,NA,NA,NA,NA
GBIF:5714369,Vanessa annabella,Animalia | Arthropoda | Insecta | Lepidoptera | Nymphalidae | Vanessa | Vanessa annabella,NA,visitsFlowersOf,GBIF:3040983,Raphanus raphanistrum,Plantae | Tracheophyta | Magnoliopsida | Brassicales | Brassicaceae | Raphanus | Raphanus raphanistrum,NA,NA,NA,NA,NA
GBIF:5714369,Vanessa annabella,Animalia | Arthropoda | Insecta | Lepidoptera | Nymphalidae | Vanessa | Vanessa annabella,NA,visitsFlowersOf,GBIF:5387293,Dimorphotheca ecklonis,Plantae | Tracheophyta | Magnoliopsida | Asterales | Asteraceae | Dimorphotheca | Dimorphotheca ecklonis,NA,NA,NA,NA,NA
GBIF:5714369,Vanessa annabella,Animalia | Arthropoda | Insecta | Lepidoptera | Nymphalidae | Vanessa | Vanessa annabella,NA,visitsFlowersOf,GBIF:2928356,Eriodictyon tomentosum,Plantae | Tracheophyta | Magnoliopsida | Boraginales | Namaceae | Eriodictyon | Eriodictyon tomentosum,NA,NA,NA,NA,NA
GBIF:5714369,Vanessa annabella,Animalia | Arthropoda | Insecta | Lepidoptera | Nymphalidae | Vanessa | Vanessa annabella,NA,visitsFlowersOf,GBIF:7542255,Condea emoryi,Plantae | Tracheophyta | Magnoliopsida | Lamiales | Lamiaceae | Condea | Condea emoryi,NA,NA,NA,NA,NA
GBIF:5714369,Vanessa annabella,Animalia | Arthropoda | Insecta | Lepidoptera | Nymphalidae | Vanessa | Vanessa annabella,NA,visitsFlowersOf,GBIF:2925485,Verbena macdougalii,Plantae | Tracheophyta | Magnoliopsida | Lamiales | Verbenaceae | Verbena | Verbena macdougalii,NA,NA,NA,NA,NA
GBIF:5714369,Vanessa annabella,Animalia | Arthropoda | Insecta | Lepidoptera | Nymphalidae | Vanessa | Vanessa annabella,NA,visitsFlowersOf,GBIF:2855860,Allium schoenoprasum,Plantae | Tracheophyta | Liliopsida | Asparagales | Amaryllidaceae | Allium | Allium schoenoprasum,NA,NA,NA,NA,NA
GBIF:5714369,Vanessa annabella,Animalia | Arthropoda | Insecta | Lepidoptera | Nymphalidae | Vanessa | Vanessa annabella,NA,visitsFlowersOf,GBIF:2928390,Convolvulus arvensis,Plantae | Tracheophyta | Magnoliopsida | Solanales | Convolvulaceae | Convolvulus | Convolvulus arvensis,NA,NA,NA,NA,NA
GBIF:5714369,Vanessa annabella,Animalia | Arthropoda | Insecta | Lepidoptera | Nymphalidae | Vanessa | Vanessa annabella,NA,visitsFlowersOf,GBIF:4223791,Encelia actoni,Plantae | Tracheophyta | Magnoliopsida | Asterales | Asteraceae | Encelia | Encelia actoni,NA,NA,NA,NA,NA
GBIF:5714369,Vanessa annabella,Animalia | Arthropoda | Insecta | Lepidoptera | Nymphalidae | Vanessa | Vanessa annabella,NA,visitsFlowersOf,GBIF:2929800,Solanum angustifolium,Plantae | Tracheophyta | Magnoliopsida | Solanales | Solanaceae | Solanum | Solanum angustifolium,NA,NA,NA,NA,NA
GBIF:5714369,Vanessa annabella,Animalia | Arthropoda | Insecta | Lepidoptera | Nymphalidae | Vanessa | Vanessa annabella,NA,visitsFlowersOf,GBIF:2926504,Monardella,Plantae | Tracheophyta | Magnoliopsida | Lamiales | Lamiaceae | Monardella,NA,NA,NA,NA,NA
GBIF:5714369,Vanessa annabella,Animalia | Arthropoda | Insecta | Lepidoptera | Nymphalidae | Vanessa | Vanessa annabella,NA,visitsFlowersOf,GBIF:3146888,Erigeron glaucus,Plantae | Tracheophyta | Magnoliopsida | Asterales | Asteraceae | Erigeron | Erigeron glaucus,NA,NA,NA,NA,NA
GBIF:5714369,Vanessa annabella,Animalia | Arthropoda | Insecta | Lepidoptera | Nymphalidae | Vanessa | Vanessa annabella,NA,visitsFlowersOf,GBIF:3103017,Ericameria nauseosa,Plantae | Tracheophyta | Magnoliopsida | Asterales | Asteraceae | Ericameria | Ericameria nauseosa,NA,NA,NA,NA,NA
GBIF:5714369,Vanessa annabella,Animalia | Arthropoda | Insecta | Lepidoptera | Nymphalidae | Vanessa | Vanessa annabella,NA,visitsFlowersOf,GBIF:2927811,Eriastrum densifolium,Plantae | Tracheophyta | Magnoliopsida | Ericales | Polemoniaceae | Eriastrum | Eriastrum densifolium,NA,NA,NA,NA,NA
GBIF:5714369,Vanessa annabella,Animalia | Arthropoda | Insecta | Lepidoptera | Nymphalidae | Vanessa | Vanessa annabella,NA,visitsFlowersOf,GBIF:3088468,Tagetes,Plantae | Tracheophyta | Magnoliopsida | Asterales | Asteraceae | Tagetes,NA,NA,NA,NA,NA
GBIF:5714369,Vanessa annabella,Animalia | Arthropoda | Insecta | Lepidoptera | Nymphalidae | Vanessa | Vanessa annabella,NA,visitsFlowersOf,GBIF:2889433,Eriogonum fasciculatum,Plantae | Tracheophyta | Magnoliopsida | Caryophyllales | Polygonaceae | Eriogonum | Eriogonum fasciculatum,NA,NA,NA,NA,NA
GBIF:5714369,Vanessa annabella,Animalia | Arthropoda | Insecta | Lepidoptera | Nymphalidae | Vanessa | Vanessa annabella,NA,visitsFlowersOf,GBIF:5386723,Acmella repens,Plantae | Tracheophyta | Magnoliopsida | Asterales | Asteraceae | Acmella | Acmella repens,NA,NA,NA,NA,NA
GBIF:5714369,Vanessa annabella,Animalia | Arthropoda | Insecta | Lepidoptera | Nymphalidae | Vanessa | Vanessa annabella,NA,visitsFlowersOf,GBIF:3093582,Osteospermum fruticosum,Plantae | Tracheophyta | Magnoliopsida | Asterales | Asteraceae | Osteospermum | Osteospermum fruticosum,NA,NA,NA,NA,NA
GBIF:5714369,Vanessa annabella,Animalia | Arthropoda | Insecta | Lepidoptera | Nymphalidae | Vanessa | Vanessa annabella,NA,visitsFlowersOf,GBIF:3146233,Grindelia hirsutula,Plantae | Tracheophyta | Magnoliopsida | Asterales | Asteraceae | Grindelia | Grindelia hirsutula,NA,NA,NA,NA,NA
GBIF:5714369,Vanessa annabella,Animalia | Arthropoda | Insecta | Lepidoptera | Nymphalidae | Vanessa | Vanessa annabella,NA,visitsFlowersOf,GBIF:7307829,Lavandula dentata,Plantae | Tracheophyta | Magnoliopsida | Lamiales | Lamiaceae | Lavandula | Lavandula dentata,NA,NA,NA,NA,NA
GBIF:5714369,Vanessa annabella,Animalia | Arthropoda | Insecta | Lepidoptera | Nymphalidae | Vanessa | Vanessa annabella,NA,visitsFlowersOf,GBIF:5408087,Lobelia erinus,Plantae | Tracheophyta | Magnoliopsida | Asterales | Campanulaceae | Lobelia | Lobelia erinus,NA,NA,NA,NA,NA
GBIF:5714369,Vanessa annabella,Animalia | Arthropoda | Insecta | Lepidoptera | Nymphalidae | Vanessa | Vanessa annabella,NA,visitsFlowersOf,GBIF:3128483,Centaurea calcitrapa,Plantae | Tracheophyta | Magnoliopsida | Asterales | Asteraceae | Centaurea | Centaurea calcitrapa,NA,NA,NA,NA,NA
GBIF:5714369,Vanessa annabella,Animalia | Arthropoda | Insecta | Lepidoptera | Nymphalidae | Vanessa | Vanessa annabella,NA,visitsFlowersOf,GBIF:3106738,Senecio,Plantae | Tracheophyta | Magnoliopsida | Asterales | Asteraceae | Senecio,NA,NA,NA,NA,NA
GBIF:5714369,Vanessa annabella,Animalia | Arthropoda | Insecta | Lepidoptera | Nymphalidae | Vanessa | Vanessa annabella,NA,visitsFlowersOf,GBIF:3112454,Gazania,Plantae | Tracheophyta | Magnoliopsida | Asterales | Asteraceae | Gazania,NA,NA,NA,NA,NA
GBIF:5714369,Vanessa annabella,Animalia | Arthropoda | Insecta | Lepidoptera | Nymphalidae | Vanessa | Vanessa annabella,NA,visitsFlowersOf,GBIF:3093921,Aster,Plantae | Tracheophyta | Magnoliopsida | Asterales | Asteraceae | Aster,NA,NA,NA,NA,NA
GBIF:5714369,Vanessa annabella,Animalia | Arthropoda | Insecta | Lepidoptera | Nymphalidae | Vanessa | Vanessa annabella,NA,visitsFlowersOf,GBIF:3112,Brassicaceae,Plantae | Tracheophyta | Magnoliopsida | Brassicales | Brassicaceae,NA,NA,NA,NA,NA
GBIF:5714369,Vanessa annabella,Animalia | Arthropoda | Insecta | Lepidoptera | Nymphalidae | Vanessa | Vanessa annabella,NA,visitsFlowersOf,GBIF:3189813,Aesculus californica,Plantae | Tracheophyta | Magnoliopsida | Sapindales | Sapindaceae | Aesculus | Aesculus californica,NA,NA,NA,NA,NA
GBIF:5714369,Vanessa annabella,Animalia | Arthropoda | Insecta | Lepidoptera | Nymphalidae | Vanessa | Vanessa annabella,NA,visitsFlowersOf,GBIF:2926981,Salvia,Plantae | Tracheophyta | Magnoliopsida | Lamiales | Lamiaceae | Salvia,NA,NA,NA,NA,NA
GBIF:5714369,Vanessa annabella,Animalia | Arthropoda | Insecta | Lepidoptera | Nymphalidae | Vanessa | Vanessa annabella,NA,visitsFlowersOf,GBIF:2925302,Lantana,Plantae | Tracheophyta | Magnoliopsida | Lamiales | Verbenaceae | Lantana,NA,NA,NA,NA,NA
GBIF:5714369,Vanessa annabella,Animalia | Arthropoda | Insecta | Lepidoptera | Nymphalidae | Vanessa | Vanessa annabella,NA,visitsFlowersOf,GBIF:3042658,Brassica nigra,Plantae | Tracheophyta | Magnoliopsida | Brassicales | Brassicaceae | Brassica | Brassica nigra,NA,NA,NA,NA,NA
GBIF:5714369,Vanessa annabella,Animalia | Arthropoda | Insecta | Lepidoptera | Nymphalidae | Vanessa | Vanessa annabella,NA,visitsFlowersOf,GBIF:6411750,Salvia leucantha,Plantae | Tracheophyta | Magnoliopsida | Lamiales | Lamiaceae | Salvia | Salvia leucantha,NA,NA,NA,NA,NA
GBIF:5714369,Vanessa annabella,Animalia | Arthropoda | Insecta | Lepidoptera | Nymphalidae | Vanessa | Vanessa annabella,NA,visitsFlowersOf,GBIF:3146588,Erigeron,Plantae | Tracheophyta | Magnoliopsida | Asterales | Asteraceae | Erigeron,NA,NA,NA,NA,NA
GBIF:5714369,Vanessa annabella,Animalia | Arthropoda | Insecta | Lepidoptera | Nymphalidae | Vanessa | Vanessa annabella,NA,visitsFlowersOf,GBIF:2928366,Wigandia urens,Plantae | Tracheophyta | Magnoliopsida | Boraginales | Namaceae | Wigandia | Wigandia urens,NA,NA,NA,NA,NA
GBIF:5714369,Vanessa annabella,Animalia | Arthropoda | Insecta | Lepidoptera | Nymphalidae | Vanessa | Vanessa annabella,NA,visitsFlowersOf,GBIF:7308690,Salvia lavanduloides,Plantae | Tracheophyta | Magnoliopsida | Lamiales | Lamiaceae | Salvia | Salvia lavanduloides,NA,NA,NA,NA,NA
GBIF:5714369,Vanessa annabella,Animalia | Arthropoda | Insecta | Lepidoptera | Nymphalidae | Vanessa | Vanessa annabella,NA,visitsFlowersOf,GBIF:3095122,Gaillardia,Plantae | Tracheophyta | Magnoliopsida | Asterales | Asteraceae | Gaillardia,NA,NA,NA,NA,NA
GBIF:5714369,Vanessa annabella,Animalia | Arthropoda | Insecta | Lepidoptera | Nymphalidae | Vanessa | Vanessa annabella,NA,visitsFlowersOf,GBIF:2927302,Lavandula,Plantae | Tracheophyta | Magnoliopsida | Lamiales | Lamiaceae | Lavandula,NA,NA,NA,NA,NA
GBIF:5714369,Vanessa annabella,Animalia | Arthropoda | Insecta | Lepidoptera | Nymphalidae | Vanessa | Vanessa annabella,NA,visitsFlowersOf,GBIF:3082297,Limonium sinuatum,Plantae | Tracheophyta | Magnoliopsida | Caryophyllales | Plumbaginaceae | Limonium | Limonium sinuatum,NA,NA,NA,NA,NA
GBIF:5714369,Vanessa annabella,Animalia | Arthropoda | Insecta | Lepidoptera | Nymphalidae | Vanessa | Vanessa annabella,NA,visitsFlowersOf,GBIF:3034922,Foeniculum vulgare,Plantae | Tracheophyta | Magnoliopsida | Apiales | Apiaceae | Foeniculum | Foeniculum vulgare,NA,NA,NA,NA,NA
GBIF:5714369,Vanessa annabella,Animalia | Arthropoda | Insecta | Lepidoptera | Nymphalidae | Vanessa | Vanessa annabella,NA,visitsFlowersOf,GBIF:4235160,Senecio flaccidus douglasii,Plantae | Tracheophyta | Magnoliopsida | Asterales | Asteraceae | Senecio | Senecio flaccidus | Senecio flaccidus douglasii,NA,NA,NA,NA,NA
GBIF:5714369,Vanessa annabella,Animalia | Arthropoda | Insecta | Lepidoptera | Nymphalidae | Vanessa | Vanessa annabella,NA,visitsFlowersOf,GBIF:3099285,Isocoma menziesii,Plantae | Tracheophyta | Magnoliopsida | Asterales | Asteraceae | Isocoma | Isocoma menziesii,NA,NA,NA,NA,NA
GBIF:5714369,Vanessa annabella,Animalia | Arthropoda | Insecta | Lepidoptera | Nymphalidae | Vanessa | Vanessa annabella,NA,visitsFlowersOf,GBIF:3172297,Ligustrum lucidum,Plantae | Tracheophyta | Magnoliopsida | Lamiales | Oleaceae | Ligustrum | Ligustrum lucidum,NA,NA,NA,NA,NA
GBIF:5714369,Vanessa annabella,Animalia | Arthropoda | Insecta | Lepidoptera | Nymphalidae | Vanessa | Vanessa annabella,NA,visitsFlowersOf,GBIF:2888802,Scabiosa columbaria,Plantae | Tracheophyta | Magnoliopsida | Dipsacales | Caprifoliaceae | Scabiosa | Scabiosa columbaria,NA,NA,NA,NA,NA
GBIF:5714369,Vanessa annabella,Animalia | Arthropoda | Insecta | Lepidoptera | Nymphalidae | Vanessa | Vanessa annabella,NA,visitsFlowersOf,GBIF:2965354,Medicago falcata,Plantae | Tracheophyta | Magnoliopsida | Fabales | Fabaceae | Medicago | Medicago falcata,NA,NA,NA,NA,NA
GBIF:5714369,Vanessa annabella,Animalia | Arthropoda | Insecta | Lepidoptera | Nymphalidae | Vanessa | Vanessa annabella,NA,visitsFlowersOf,GBIF:5362012,Sedum praealtum,Plantae | Tracheophyta | Magnoliopsida | Saxifragales | Crassulaceae | Sedum | Sedum praealtum,NA,NA,NA,NA,NA
GBIF:5714369,Vanessa annabella,Animalia | Arthropoda | Insecta | Lepidoptera | Nymphalidae | Vanessa | Vanessa annabella,NA,visitsFlowersOf,GBIF:2986127,Ribes cereum,Plantae | Tracheophyta | Magnoliopsida | Saxifragales | Grossulariaceae | Ribes | Ribes cereum,NA,NA,NA,NA,NA
GBIF:5714369,Vanessa annabella,Animalia | Arthropoda | Insecta | Lepidoptera | Nymphalidae | Vanessa | Vanessa annabella,NA,visitsFlowersOf,GBIF:3169816,Apocynum androsaemifolium,Plantae | Tracheophyta | Magnoliopsida | Gentianales | Apocynaceae | Apocynum | Apocynum androsaemifolium,NA,NA,NA,NA,NA
GBIF:5714369,Vanessa annabella,Animalia | Arthropoda | Insecta | Lepidoptera | Nymphalidae | Vanessa | Vanessa annabella,NA,visitsFlowersOf,GBIF:3150914,Echinacea,Plantae | Tracheophyta | Magnoliopsida | Asterales | Asteraceae | Echinacea,NA,NA,NA,NA,NA
GBIF:5714369,Vanessa annabella,Animalia | Arthropoda | Insecta | Lepidoptera | Nymphalidae | Vanessa | Vanessa annabella,NA,visitsFlowersOf,GBIF:220,Magnoliopsida,Plantae | Tracheophyta | Magnoliopsida,NA,NA,NA,NA,NA
GBIF:5714369,Vanessa annabella,Animalia | Arthropoda | Insecta | Lepidoptera | Nymphalidae | Vanessa | Vanessa annabella,NA,visitsFlowersOf,GBIF:3170270,Asclepias linaria,Plantae | Tracheophyta | Magnoliopsida | Gentianales | Apocynaceae | Asclepias | Asclepias linaria,NA,NA,NA,NA,NA
GBIF:5714369,Vanessa annabella,Animalia | Arthropoda | Insecta | Lepidoptera | Nymphalidae | Vanessa | Vanessa annabella,NA,visitsFlowersOf,GBIF:3125749,Stevia serrata,Plantae | Tracheophyta | Magnoliopsida | Asterales | Asteraceae | Stevia | Stevia serrata,NA,NA,NA,NA,NA
GBIF:5714369,Vanessa annabella,Animalia | Arthropoda | Insecta | Lepidoptera | Nymphalidae | Vanessa | Vanessa annabella,NA,visitsFlowersOf,GBIF:3129497,Baccharis pilularis,Plantae | Tracheophyta | Magnoliopsida | Asterales | Asteraceae | Baccharis | Baccharis pilularis,NA,NA,NA,NA,NA
GBIF:5714369,Vanessa annabella,Animalia | Arthropoda | Insecta | Lepidoptera | Nymphalidae | Vanessa | Vanessa annabella,NA,visitsFlowersOf,GBIF:5400194,Ageratina,Plantae | Tracheophyta | Magnoliopsida | Asterales | Asteraceae | Ageratina,NA,NA,NA,NA,NA
GBIF:5714369,Vanessa annabella,Animalia | Arthropoda | Insecta | Lepidoptera | Nymphalidae | Vanessa | Vanessa annabella,NA,visitsFlowersOf,GBIF:2874700,Tamarix ramosissima,Plantae | Tracheophyta | Magnoliopsida | Caryophyllales | Tamaricaceae | Tamarix | Tamarix ramosissima,NA,NA,NA,NA,NA
GBIF:5714369,Vanessa annabella,Animalia | Arthropoda | Insecta | Lepidoptera | Nymphalidae | Vanessa | Vanessa annabella,NA,visitsFlowersOf,GBIF:3130472,Eriophyllum lanatum,Plantae | Tracheophyta | Magnoliopsida | Asterales | Asteraceae | Eriophyllum | Eriophyllum lanatum,NA,NA,NA,NA,NA
GBIF:5714369,Vanessa annabella,Animalia | Arthropoda | Insecta | Lepidoptera | Nymphalidae | Vanessa | Vanessa annabella,NA,visitsFlowersOf,GBIF:2882486,Arctostaphylos,Plantae | Tracheophyta | Magnoliopsida | Ericales | Ericaceae | Arctostaphylos,NA,NA,NA,NA,NA
GBIF:5714369,Vanessa annabella,Animalia | Arthropoda | Insecta | Lepidoptera | Nymphalidae | Vanessa | Vanessa annabella,NA,visitsFlowersOf,GBIF:3091038,Bahiopsis parishii,Plantae | Tracheophyta | Magnoliopsida | Asterales | Asteraceae | Bahiopsis | Bahiopsis parishii,NA,NA,NA,NA,NA
GBIF:5714369,Vanessa annabella,Animalia | Arthropoda | Insecta | Lepidoptera | Nymphalidae | Vanessa | Vanessa annabella,NA,visitsFlowersOf,GBIF:3046735,Sisymbrium,Plantae | Tracheophyta | Magnoliopsida | Brassicales | Brassicaceae | Sisymbrium,NA,NA,NA,NA,NA
GBIF:5714369,Vanessa annabella,Animalia | Arthropoda | Insecta | Lepidoptera | Nymphalidae | Vanessa | Vanessa annabella,NA,visitsFlowersOf,GBIF:3125468,Stevia,Plantae | Tracheophyta | Magnoliopsida | Asterales | Asteraceae | Stevia,NA,NA,NA,NA,NA
GBIF:5714369,Vanessa annabella,Animalia | Arthropoda | Insecta | Lepidoptera | Nymphalidae | Vanessa | Vanessa annabella,NA,visitsFlowersOf,GBIF:3065,Asteraceae,Plantae | Tracheophyta | Magnoliopsida | Asterales | Asteraceae,NA,NA,NA,NA,NA
GBIF:5714369,Vanessa annabella,Animalia | Arthropoda | Insecta | Lepidoptera | Nymphalidae | Vanessa | Vanessa annabella,NA,visitsFlowersOf,GBIF:3158673,Scaevola,Plantae | Tracheophyta | Magnoliopsida | Asterales | Goodeniaceae | Scaevola,NA,NA,NA,NA,NA
GBIF:5714369,Vanessa annabella,Animalia | Arthropoda | Insecta | Lepidoptera | Nymphalidae | Vanessa | Vanessa annabella,NA,visitsFlowersOf,GBIF:3091040,Bahiopsis laciniata,Plantae | Tracheophyta | Magnoliopsida | Asterales | Asteraceae | Bahiopsis | Bahiopsis laciniata,NA,NA,NA,NA,NA
GBIF:5714369,Vanessa annabella,Animalia | Arthropoda | Insecta | Lepidoptera | Nymphalidae | Vanessa | Vanessa annabella,NA,visitsFlowersOf,GBIF:6685,Malvaceae,Plantae | Tracheophyta | Magnoliopsida | Malvales | Malvaceae,NA,NA,NA,NA,NA
GBIF:5714369,Vanessa annabella,Animalia | Arthropoda | Insecta | Lepidoptera | Nymphalidae | Vanessa | Vanessa annabella,NA,visitsFlowersOf,GBIF:2878586,Quercus kelloggii,Plantae | Tracheophyta | Magnoliopsida | Fagales | Fagaceae | Quercus | Quercus kelloggii,NA,NA,NA,NA,NA
GBIF:5714369,Vanessa annabella,Animalia | Arthropoda | Insecta | Lepidoptera | Nymphalidae | Vanessa | Vanessa annabella,NA,visitsFlowersOf,GBIF:2882567,Arctostaphylos manzanita,Plantae | Tracheophyta | Magnoliopsida | Ericales | Ericaceae | Arctostaphylos | Arctostaphylos manzanita,NA,NA,NA,NA,NA
GBIF:5714369,Vanessa annabella,Animalia | Arthropoda | Insecta | Lepidoptera | Nymphalidae | Vanessa | Vanessa annabella,NA,visitsFlowersOf,GBIF:2925325,Lantana velutina,Plantae | Tracheophyta | Magnoliopsida | Lamiales | Verbenaceae | Lantana | Lantana velutina,NA,NA,NA,NA,NA
GBIF:5714369,Vanessa annabella,Animalia | Arthropoda | Insecta | Lepidoptera | Nymphalidae | Vanessa | Vanessa annabella,NA,visitsFlowersOf,GBIF:3152378,Malva parviflora,Plantae | Tracheophyta | Magnoliopsida | Malvales | Malvaceae | Malva | Malva parviflora,NA,NA,NA,NA,NA
GBIF:5714369,Vanessa annabella,Animalia | Arthropoda | Insecta | Lepidoptera | Nymphalidae | Vanessa | Vanessa annabella,NA,visitsFlowersOf,NCBI:102804,Asteroideae,root | cellular organisms | Eukaryota | Viridiplantae | Streptophyta | Streptophytina | Embryophyta | Tracheophyta | Euphyllophyta | Spermatophyta | Magnoliopsida | Mesangiospermae | eudicotyledons | Gunneridae | Pentapetalae | asterids | campanulids | Asterales | Asteraceae | Asteroideae,NA,NA,NA,NA,NA
GBIF:5714369,Vanessa annabella,Animalia | Arthropoda | Insecta | Lepidoptera | Nymphalidae | Vanessa | Vanessa annabella,NA,visitsFlowersOf,GBIF:7701037,Nasturtium officinale,Plantae | Tracheophyta | Magnoliopsida | Brassicales | Brassicaceae | Nasturtium | Nasturtium officinale,NA,NA,NA,NA,NA
GBIF:5714369,Vanessa annabella,Animalia | Arthropoda | Insecta | Lepidoptera | Nymphalidae | Vanessa | Vanessa annabella,NA,visitsFlowersOf,GBIF:3107784,Senecio mairetianus,Plantae | Tracheophyta | Magnoliopsida | Asterales | Asteraceae | Senecio | Senecio mairetianus,NA,NA,NA,NA,NA
GBIF:5714369,Vanessa annabella,Animalia | Arthropoda | Insecta | Lepidoptera | Nymphalidae | Vanessa | Vanessa annabella,NA,visitsFlowersOf,GBIF:5391958,Bidens nudata,Plantae | Tracheophyta | Magnoliopsida | Asterales | Asteraceae | Bidens | Bidens nudata,NA,NA,NA,NA,NA
GBIF:5714369,Vanessa annabella,Animalia | Arthropoda | Insecta | Lepidoptera | Nymphalidae | Vanessa | Vanessa annabella,NA,visitsFlowersOf,GBIF:3082293,Limonium,Plantae | Tracheophyta | Magnoliopsida | Caryophyllales | Plumbaginaceae | Limonium,NA,NA,NA,NA,NA
GBIF:5714369,Vanessa annabella,Animalia | Arthropoda | Insecta | Lepidoptera | Nymphalidae | Vanessa | Vanessa annabella,NA,visitsFlowersOf,GBIF:3105782,Sonchus asper,Plantae | Tracheophyta | Magnoliopsida | Asterales | Asteraceae | Sonchus | Sonchus asper,NA,NA,NA,NA,NA
GBIF:5714369,Vanessa annabella,Animalia | Arthropoda | Insecta | Lepidoptera | Nymphalidae | Vanessa | Vanessa annabella,NA,visitsFlowersOf,GBIF:3039576,Salix,Plantae | Tracheophyta | Magnoliopsida | Malpighiales | Salicaceae | Salix,NA,NA,NA,NA,NA
GBIF:5714369,Vanessa annabella,Animalia | Arthropoda | Insecta | Lepidoptera | Nymphalidae | Vanessa | Vanessa annabella,NA,visitsFlowersOf,GBIF:3132142,Perymenium,Plantae | Tracheophyta | Magnoliopsida | Asterales | Asteraceae | Perymenium,NA,NA,NA,NA,NA
GBIF:5714369,Vanessa annabella,Animalia | Arthropoda | Insecta | Lepidoptera | Nymphalidae | Vanessa | Vanessa annabella,NA,visitsFlowersOf,GBIF:2925314,Lantana montevidensis,Plantae | Tracheophyta | Magnoliopsida | Lamiales | Verbenaceae | Lantana | Lantana montevidensis,NA,NA,NA,NA,NA
GBIF:5714369,Vanessa annabella,Animalia | Arthropoda | Insecta | Lepidoptera | Nymphalidae | Vanessa | Vanessa annabella,NA,visitsFlowersOf,GBIF:3112554,Cirsium,Plantae | Tracheophyta | Magnoliopsida | Asterales | Asteraceae | Cirsium,NA,NA,NA,NA,NA
GBIF:5714369,Vanessa annabella,Animalia | Arthropoda | Insecta | Lepidoptera | Nymphalidae | Vanessa | Vanessa annabella,NA,visitsFlowersOf,GBIF:3093702,Hypochaeris radicata,Plantae | Tracheophyta | Magnoliopsida | Asterales | Asteraceae | Hypochaeris | Hypochaeris radicata,NA,NA,NA,NA,NA
GBIF:5714369,Vanessa annabella,Animalia | Arthropoda | Insecta | Lepidoptera | Nymphalidae | Vanessa | Vanessa annabella,NA,visitsFlowersOf,GBIF:3141855,Helminthotheca echioides,Plantae | Tracheophyta | Magnoliopsida | Asterales | Asteraceae | Helminthotheca | Helminthotheca echioides,NA,NA,NA,NA,NA
GBIF:5714369,Vanessa annabella,Animalia | Arthropoda | Insecta | Lepidoptera | Nymphalidae | Vanessa | Vanessa annabella,NA,visitsFlowersOf,GBIF:3112801,Cirsium vulgare,Plantae | Tracheophyta | Magnoliopsida | Asterales | Asteraceae | Cirsium | Cirsium vulgare,NA,NA,NA,NA,NA
GBIF:5714369,Vanessa annabella,Animalia | Arthropoda | Insecta | Lepidoptera | Nymphalidae | Vanessa | Vanessa annabella,NA,visitsFlowersOf,GBIF:2891602,Pelargonium,Plantae | Tracheophyta | Magnoliopsida | Geraniales | Geraniaceae | Pelargonium,NA,NA,NA,NA,NA
GBIF:5714369,Vanessa annabella,Animalia | Arthropoda | Insecta | Lepidoptera | Nymphalidae | Vanessa | Vanessa annabella,NA,visitsFlowersOf,GBIF:3133864,Coreopsis,Plantae | Tracheophyta | Magnoliopsida | Asterales | Asteraceae | Coreopsis,NA,NA,NA,NA,NA
GBIF:5714369,Vanessa annabella,Animalia | Arthropoda | Insecta | Lepidoptera | Nymphalidae | Vanessa | Vanessa annabella,NA,visitsFlowersOf,GBIF:3118746,Encelia farinosa,Plantae | Tracheophyta | Magnoliopsida | Asterales | Asteraceae | Encelia | Encelia farinosa,NA,NA,NA,NA,NA
GBIF:5714369,Vanessa annabella,Animalia | Arthropoda | Insecta | Lepidoptera | Nymphalidae | Vanessa | Vanessa annabella,NA,visitsFlowersOf,GBIF:2925668,Myosotis,Plantae | Tracheophyta | Magnoliopsida | Boraginales | Boraginaceae | Myosotis,NA,NA,NA,NA,NA
GBIF:5714369,Vanessa annabella,Animalia | Arthropoda | Insecta | Lepidoptera | Nymphalidae | Vanessa | Vanessa annabella,NA,visitsFlowersOf,GBIF:5370154,Heteromeles arbutifolia,Plantae | Tracheophyta | Magnoliopsida | Rosales | Rosaceae | Heteromeles | Heteromeles arbutifolia,NA,NA,NA,NA,NA
GBIF:5714369,Vanessa annabella,Animalia | Arthropoda | Insecta | Lepidoptera | Nymphalidae | Vanessa | Vanessa annabella,NA,visitsFlowersOf,GBIF:2925807,Heliotropium arborescens,Plantae | Tracheophyta | Magnoliopsida | Boraginales | Heliotropiaceae | Heliotropium | Heliotropium arborescens,NA,NA,NA,NA,NA
GBIF:5714369,Vanessa annabella,Animalia | Arthropoda | Insecta | Lepidoptera | Nymphalidae | Vanessa | Vanessa annabella,NA,visitsFlowersOf,GBIF:3088488,Tagetes erecta,Plantae | Tracheophyta | Magnoliopsida | Asterales | Asteraceae | Tagetes | Tagetes erecta,NA,NA,NA,NA,NA
GBIF:5714369,Vanessa annabella,Animalia | Arthropoda | Insecta | Lepidoptera | Nymphalidae | Vanessa | Vanessa annabella,NA,visitsFlowersOf,GBIF:3099243,Isocoma acradenia,Plantae | Tracheophyta | Magnoliopsida | Asterales | Asteraceae | Isocoma | Isocoma acradenia,NA,NA,NA,NA,NA
GBIF:5714369,Vanessa annabella,Animalia | Arthropoda | Insecta | Lepidoptera | Nymphalidae | Vanessa | Vanessa annabella,NA,visitsFlowersOf,GBIF:2925514,Verbena bonariensis,Plantae | Tracheophyta | Magnoliopsida | Lamiales | Verbenaceae | Verbena | Verbena bonariensis,NA,NA,NA,NA,NA
GBIF:5714369,Vanessa annabella,Animalia | Arthropoda | Insecta | Lepidoptera | Nymphalidae | Vanessa | Vanessa annabella,NA,visitsFlowersOf,GBIF:3147168,Erigeron karvinskianus,Plantae | Tracheophyta | Magnoliopsida | Asterales | Asteraceae | Erigeron | Erigeron karvinskianus,NA,NA,NA,NA,NA
GBIF:5714369,Vanessa annabella,Animalia | Arthropoda | Insecta | Lepidoptera | Nymphalidae | Vanessa | Vanessa annabella,NA,visitsFlowersOf,GBIF:3889108,Salvia rosmarinus,Plantae | Tracheophyta | Magnoliopsida | Lamiales | Lamiaceae | Salvia | Salvia rosmarinus,NA,NA,NA,NA,NA
GBIF:5714369,Vanessa annabella,Animalia | Arthropoda | Insecta | Lepidoptera | Nymphalidae | Vanessa | Vanessa annabella,NA,visitsFlowersOf,GBIF:7678610,Raphanus sativus,Plantae | Tracheophyta | Magnoliopsida | Brassicales | Brassicaceae | Raphanus | Raphanus sativus,NA,NA,NA,NA,NA
GBIF:5714369,Vanessa annabella,Animalia | Arthropoda | Insecta | Lepidoptera | Nymphalidae | Vanessa | Vanessa annabella,NA,visitsFlowersOf,GBIF:3933415,Malva multiflora,Plantae | Tracheophyta | Magnoliopsida | Malvales | Malvaceae | Malva | Malva multiflora,NA,NA,NA,NA,NA
GBIF:5714369,Vanessa annabella,Animalia | Arthropoda | Insecta | Lepidoptera | Nymphalidae | Vanessa | Vanessa annabella,NA,visitsFlowersOf,GBIF:7551118,Echium candicans,Plantae | Tracheophyta | Magnoliopsida | Boraginales | Boraginaceae | Echium | Echium candicans,NA,NA,NA,NA,NA
GBIF:5714369,Vanessa annabella,Animalia | Arthropoda | Insecta | Lepidoptera | Nymphalidae | Vanessa | Vanessa annabella,NA,visitsFlowersOf,GBIF:2996525,Rubus armeniacus,Plantae | Tracheophyta | Magnoliopsida | Rosales | Rosaceae | Rubus | Rubus armeniacus,NA,NA,NA,NA,NA
GBIF:5714369,Vanessa annabella,Animalia | Arthropoda | Insecta | Lepidoptera | Nymphalidae | Vanessa | Vanessa annabella,NA,visitsFlowersOf,GBIF:2925303,Lantana camara,Plantae | Tracheophyta | Magnoliopsida | Lamiales | Verbenaceae | Lantana | Lantana camara,NA,NA,NA,NA,NA
GBIF:5714369,Vanessa annabella,Animalia | Arthropoda | Insecta | Lepidoptera | Nymphalidae | Vanessa | Vanessa annabella,NA,visitsFlowersOf,GBIF:5360973,Oxytropis lambertii bigelovii,Plantae | Tracheophyta | Magnoliopsida | Fabales | Fabaceae | Oxytropis | Oxytropis lambertii | Oxytropis lambertii bigelovii,NA,NA,NA,NA,NA
GBIF:5714369,Vanessa annabella,Animalia | Arthropoda | Insecta | Lepidoptera | Nymphalidae | Vanessa | Vanessa annabella,NA,visitsFlowersOf,GBIF:6102576,Heliantheae,Plantae | Tracheophyta | Magnoliopsida | Asterales | Asteraceae | Heliantheae,NA,NA,NA,NA,NA
GBIF:5714369,Vanessa annabella,Animalia | Arthropoda | Insecta | Lepidoptera | Nymphalidae | Vanessa | Vanessa annabella,NA,visitsFlowersOf,GBIF:3170301,Asclepias subulata,Plantae | Tracheophyta | Magnoliopsida | Gentianales | Apocynaceae | Asclepias | Asclepias subulata,NA,NA,NA,NA,NA
GBIF:5714369,Vanessa annabella,Animalia | Arthropoda | Insecta | Lepidoptera | Nymphalidae | Vanessa | Vanessa annabella,NA,visitsFlowersOf,GBIF:2925869,Amsinckia,Plantae | Tracheophyta | Magnoliopsida | Boraginales | Boraginaceae | Amsinckia,NA,NA,NA,NA,NA
GBIF:5714369,Vanessa annabella,Animalia | Arthropoda | Insecta | Lepidoptera | Nymphalidae | Vanessa | Vanessa annabella,NA,visitsFlowersOf,GBIF:2926986,Salvia mellifera,Plantae | Tracheophyta | Magnoliopsida | Lamiales | Lamiaceae | Salvia | Salvia mellifera,NA,NA,NA,NA,NA
GBIF:5714369,Vanessa annabella,Animalia | Arthropoda | Insecta | Lepidoptera | Nymphalidae | Vanessa | Vanessa annabella,NA,visitsFlowersOf,GBIF:3105856,Bidens,Plantae | Tracheophyta | Magnoliopsida | Asterales | Asteraceae | Bidens,NA,NA,NA,NA,NA
GBIF:5714369,Vanessa annabella,Animalia | Arthropoda | Insecta | Lepidoptera | Nymphalidae | Vanessa | Vanessa annabella,NA,visitsFlowersOf,GBIF:5394163,Taraxacum officinale,Plantae | Tracheophyta | Magnoliopsida | Asterales | Asteraceae | Taraxacum | Taraxacum officinale,NA,NA,NA,NA,NA
GBIF:5714369,Vanessa annabella,Animalia | Arthropoda | Insecta | Lepidoptera | Nymphalidae | Vanessa | Vanessa annabella,NA,visitsFlowersOf,NCBI:219121,Cichorieae,root | cellular organisms | Eukaryota | Viridiplantae | Streptophyta | Streptophytina | Embryophyta | Tracheophyta | Euphyllophyta | Spermatophyta | Magnoliopsida | Mesangiospermae | eudicotyledons | Gunneridae | Pentapetalae | asterids | campanulids | Asterales | Asteraceae | Cichorioideae | Cichorieae,NA,NA,NA,NA,NA
GBIF:5714369,Vanessa annabella,Animalia | Arthropoda | Insecta | Lepidoptera | Nymphalidae | Vanessa | Vanessa annabella,NA,visitsFlowersOf,GBIF:2704339,Schismus,Plantae | Tracheophyta | Liliopsida | Poales | Poaceae | Schismus,NA,NA,NA,NA,NA
GBIF:5714369,Vanessa annabella,Animalia | Arthropoda | Insecta | Lepidoptera | Nymphalidae | Vanessa | Vanessa annabella,NA,visitsFlowersOf,GBIF:5391866,Bidens odorata,Plantae | Tracheophyta | Magnoliopsida | Asterales | Asteraceae | Bidens | Bidens odorata,NA,NA,NA,NA,NA
GBIF:5714369,Vanessa annabella,Animalia | Arthropoda | Insecta | Lepidoptera | Nymphalidae | Vanessa | Vanessa annabella,NA,visitsFlowersOf,GBIF:3188698,Cuphea hyssopifolia,Plantae | Tracheophyta | Magnoliopsida | Myrtales | Lythraceae | Cuphea | Cuphea hyssopifolia,NA,NA,NA,NA,NA
GBIF:5714369,Vanessa annabella,Animalia | Arthropoda | Insecta | Lepidoptera | Nymphalidae | Vanessa | Vanessa annabella,NA,visitsFlowersOf,GBIF:3151392,Symphyotrichum chilense,Plantae | Tracheophyta | Magnoliopsida | Asterales | Asteraceae | Symphyotrichum | Symphyotrichum chilense,NA,NA,NA,NA,NA
GBIF:5714369,Vanessa annabella,Animalia | Arthropoda | Insecta | Lepidoptera | Nymphalidae | Vanessa | Vanessa annabella,NA,visitsFlowersOf,GBIF:7627205,Glebionis coronaria,Plantae | Tracheophyta | Magnoliopsida | Asterales | Asteraceae | Glebionis | Glebionis coronaria,NA,NA,NA,NA,NA
GBIF:5714369,Vanessa annabella,Animalia | Arthropoda | Insecta | Lepidoptera | Nymphalidae | Vanessa | Vanessa annabella,NA,visitsFlowersOf,GBIF:2928354,Eriodictyon trichocalyx,Plantae | Tracheophyta | Magnoliopsida | Boraginales | Namaceae | Eriodictyon | Eriodictyon trichocalyx,NA,NA,NA,NA,NA
GBIF:5714369,Vanessa annabella,Animalia | Arthropoda | Insecta | Lepidoptera | Nymphalidae | Vanessa | Vanessa annabella,NA,visitsFlowersOf,GBIF:6689,Verbenaceae,Plantae | Tracheophyta | Magnoliopsida | Lamiales | Verbenaceae,NA,NA,NA,NA,NA
GBIF:5714369,Vanessa annabella,Animalia | Arthropoda | Insecta | Lepidoptera | Nymphalidae | Vanessa | Vanessa annabella,NA,visitsFlowersOf,GBIF:2406,Crassulaceae,Plantae | Tracheophyta | Magnoliopsida | Saxifragales | Crassulaceae,NA,NA,NA,NA,NA
GBIF:5714369,Vanessa annabella,Animalia | Arthropoda | Insecta | Lepidoptera | Nymphalidae | Vanessa | Vanessa annabella,NA,visitsFlowersOf,GBIF:3105646,Sonchus,Plantae | Tracheophyta | Magnoliopsida | Asterales | Asteraceae | Sonchus,NA,NA,NA,NA,NA
GBIF:5714369,Vanessa annabella,Animalia | Arthropoda | Insecta | Lepidoptera | Nymphalidae | Vanessa | Vanessa annabella,NA,visitsFlowersOf,GBIF:3173338,Buddleja davidii,Plantae | Tracheophyta | Magnoliopsida | Lamiales | Scrophulariaceae | Buddleja | Buddleja davidii,NA,NA,NA,NA,NA
GBIF:5714369,Vanessa annabella,Animalia | Arthropoda | Insecta | Lepidoptera | Nymphalidae | Vanessa | Vanessa annabella,NA,visitsFlowersOf,GBIF:2929800,Solanum angustifolium,Plantae | Tracheophyta | Magnoliopsida | Solanales | Solanaceae | Solanum | Solanum angustifolium,NA,NA,NA,NA,NA
GBIF:5714369,Vanessa annabella,Animalia | Arthropoda | Insecta | Lepidoptera | Nymphalidae | Vanessa | Vanessa annabella,NA,visitsFlowersOf,GBIF:3133864,Coreopsis,Plantae | Tracheophyta | Magnoliopsida | Asterales | Asteraceae | Coreopsis,NA,NA,NA,NA,NA
GBIF:5714369,Vanessa annabella,Animalia | Arthropoda | Insecta | Lepidoptera | Nymphalidae | Vanessa | Vanessa annabella,NA,visitsFlowersOf,GBIF:5370154,Heteromeles arbutifolia,Plantae | Tracheophyta | Magnoliopsida | Rosales | Rosaceae | Heteromeles | Heteromeles arbutifolia,NA,NA,NA,NA,NA
GBIF:5714369,Vanessa annabella,Animalia | Arthropoda | Insecta | Lepidoptera | Nymphalidae | Vanessa | Vanessa annabella,NA,visitsFlowersOf,GBIF:3105856,Bidens,Plantae | Tracheophyta | Magnoliopsida | Asterales | Asteraceae | Bidens,NA,NA,NA,NA,NA
GBIF:5714369,Vanessa annabella,Animalia | Arthropoda | Insecta | Lepidoptera | Nymphalidae | Vanessa | Vanessa annabella,NA,visitsFlowersOf,GBIF:7678610,Raphanus sativus,Plantae | Tracheophyta | Magnoliopsida | Brassicales | Brassicaceae | Raphanus | Raphanus sativus,NA,NA,NA,NA,NA
GBIF:5714369,Vanessa annabella,Animalia | Arthropoda | Insecta | Lepidoptera | Nymphalidae | Vanessa | Vanessa annabella,NA,visitsFlowersOf,GBIF:2926981,Salvia,Plantae | Tracheophyta | Magnoliopsida | Lamiales | Lamiaceae | Salvia,NA,NA,NA,NA,NA
GBIF:5714369,Vanessa annabella,Animalia | Arthropoda | Insecta | Lepidoptera | Nymphalidae | Vanessa | Vanessa annabella,NA,visitsFlowersOf,GBIF:3093921,Aster,Plantae | Tracheophyta | Magnoliopsida | Asterales | Asteraceae | Aster,NA,NA,NA,NA,NA
GBIF:5714369,Vanessa annabella,Animalia | Arthropoda | Insecta | Lepidoptera | Nymphalidae | Vanessa | Vanessa annabella,NA,visitsFlowersOf,GBIF:3106738,Senecio,Plantae | Tracheophyta | Magnoliopsida | Asterales | Asteraceae | Senecio,NA,NA,NA,NA,NA
GBIF:5714369,Vanessa annabella,Animalia | Arthropoda | Insecta | Lepidoptera | Nymphalidae | Vanessa | Vanessa annabella,NA,visitsFlowersOf,GBIF:5394163,Taraxacum officinale,Plantae | Tracheophyta | Magnoliopsida | Asterales | Asteraceae | Taraxacum | Taraxacum officinale,NA,NA,NA,NA,NA
GBIF:5714369,Vanessa annabella,Animalia | Arthropoda | Insecta | Lepidoptera | Nymphalidae | Vanessa | Vanessa annabella,NA,visitsFlowersOf,GBIF:7893492,Cleomella arborea,Plantae | Tracheophyta | Magnoliopsida | Brassicales | Cleomaceae | Cleomella | Cleomella arborea,NA,NA,NA,NA,NA
GBIF:5714369,Vanessa annabella,Animalia | Arthropoda | Insecta | Lepidoptera | Nymphalidae | Vanessa | Vanessa annabella,NA,visitsFlowersOf,GBIF:2925303,Lantana camara,Plantae | Tracheophyta | Magnoliopsida | Lamiales | Verbenaceae | Lantana | Lantana camara,NA,NA,NA,NA,NA
